id,domain,status,purchase_price,renewal_price,attractiveness,demand,length,registrar,created_at,expires_at,status_verified_at
8151a547-f119-4a92-8ef2-44c498ff5183,unhallowed.camera,available,58.99,58.99,medium,low,10,namesilo,,,12/09/2026 11:49
a9fef23d-1c0c-40a1-ba36-30b99ac843b9,honour.camera,available,58.99,58.99,high,low,6,namesilo,,,16/09/2026 22:47
f2c39e95-0593-4f2e-a747-2fb3a876c0a6,shattuck.camera,available,61.98,72.98,high,low,8,namecheap,,,01/10/2026 23:38
a2d78a8b-c15c-4e8d-84da-1345e598602c,dismay.camera,available,46.78,46.78,medium,low,6,spaceship,,,28/09/2026 20:03
99468efe-7241-4f5a-96e5-fda398a3a1fb,spiritous.camera,available,58.99,58.99,medium,low,9,namesilo,,,10/09/2026 16:00
a4312e03-2b9c-412d-88b3-68983907f556,survives.camera,available,45.2,45.2,medium,low,8,cloudflare,,,29/09/2026 17:53
7da5e7fc-f9fe-49fd-8220-713a05145857,smarmy.camera,available,21.99,75.99,medium,low,6,name.com,,,11/08/2026 11:46
86536c4a-4a39-467f-b5f3-e92fbff4f5ad,sixteenth.camera,available,21.99,75.99,high,low,9,name.com,,,
ec040f41-5f3e-4345-8fa7-800a3ccfba7e,hui.camera,available,58.99,58.99,high,low,3,namesilo,,,27/09/2026 07:46
7721eebe-9719-49dc-8044-c55b9567cf30,modishly.camera,available,58.99,58.99,medium,low,8,namesilo,,,15/09/2026 15:15
836972ab-82cd-4935-a5a8-6342ffce1fe2,acres.camera,available,58.99,58.99,high,low,5,namesilo,,,17/09/2026 02:56
f7c76524-7aac-4b62-82de-a167dde15f78,amiability.camera,available,58.99,58.99,high,low,10,namesilo,,,17/09/2026 13:57
75074016-fdb7-497d-ae6c-bf069f2cc3de,ampere.camera,available,58.99,58.99,high,low,6,namesilo,,,18/09/2026 23:06
65f1b4a9-f6d7-4d1a-9901-fd639d015e8a,sagar.camera,available,61.98,72.98,medium,low,5,namecheap,,,02/10/2026 20:45
659b26ea-5b1f-4b3b-a729-fbc85d7132f5,seeping.camera,available,58.99,58.99,medium,low,7,namesilo,,,04/09/2026 15:36
24be3e20-6c13-4b81-a680-4eba66091d43,imuran.camera,available,61.98,72.98,medium,low,6,namecheap,,,21/09/2026 11:01
5589f0a6-0725-4e2a-adba-ec6cc8472f92,overshot.camera,available,58.99,58.99,medium,low,8,namesilo,,,04/09/2026 21:51
76b3dee1-28a4-4670-b8f0-a915b0eee547,substantial.camera,available,58.99,58.99,high,low,11,namesilo,,,01/10/2026 05:35
53e16075-73de-417f-85cc-5d36c8ca9768,educational.camera,available,45.2,45.2,high,low,11,cloudflare,,,01/10/2026 05:09
b3f17f65-6ef9-4946-9c2f-8ddf97c1a1e5,grandmother.camera,available,58.99,58.99,high,low,11,namesilo,,,30/09/2026 22:07
7d77cd21-beff-4db1-bf9e-f6da3b48c708,krypton.camera,available,58.99,58.99,medium,low,7,namesilo,,,20/09/2026 22:56
7df68088-10dd-482d-8a46-d3c9b6b987b6,bosnian.camera,available,21.99,75.99,high,low,7,name.com,,,10/08/2026 20:21
4dbaa1c1-ebe7-4c46-b318-3966fed7cf50,viscous.camera,available,21.99,75.99,high,low,7,name.com,,,20/08/2026 15:25
cb4899e3-235a-4be1-84c2-f45bfee16b95,primes.camera,available,58.99,58.99,medium,low,6,namesilo,,,20/09/2026 11:21
49127f66-cb74-46d1-a3d7-9383b2a183bc,taxonomy.camera,available,46.78,46.78,high,low,8,spaceship,,,30/09/2026 03:01
cd3fb68f-f6cd-4b2e-af61-d58c361cbd6e,skiing.camera,available,45.2,45.2,high,low,6,cloudflare,,,28/09/2026 10:57
30b2eb3d-abae-4157-9a24-e92051a4ff1f,scrutinise.camera,available,21.99,75.99,high,low,10,name.com,,,21/09/2026 03:07
491a6ad9-ba16-4608-b4f1-c5b05fcc6d12,curt.camera,available,21.99,75.99,medium,low,4,name.com,,,11/08/2026 07:05
a99c1a3e-c457-4726-8d31-5530fca845fd,bns.camera,available,58.99,58.99,high,low,3,namesilo,,,21/09/2026 14:15
85db35ea-8c25-4101-ab84-d6b49e46b41d,birdsong.camera,available,61.98,72.98,high,low,8,namecheap,,,23/09/2026 20:37
c9113543-d7a2-4c7c-a827-09ecb5f76ab6,nah.camera,available,46.78,46.78,high,low,3,spaceship,,,30/09/2026 11:32
ae4e04dd-8afb-4b54-b047-da5bf905dba4,comparing.camera,available,61.98,72.98,high,low,9,namecheap,,,24/09/2026 16:45
5670facf-2e47-45bd-bd1e-ec424a11353e,wifi.camera,available,61.98,72.98,high,medium,5,namecheap,,,02/10/2026 17:10
b5ff870e-6947-4587-a2b1-cb423838b905,odessa.camera,available,58.99,58.99,high,low,6,namesilo,,,01/10/2026 03:08
ccdee1c1-6be9-4b6f-aca0-3c93b2181b56,deployed.camera,available,58.99,58.99,low,low,8,namesilo,,,29/09/2026 16:37
9e4742e7-6c66-4eb4-8fa9-a506fea2b634,emoji.camera,available,58.99,58.99,high,medium,5,namesilo,,,03/10/2026 02:08
6152d103-97b8-46be-98bb-97fede1073f3,diminutive.camera,available,21.99,75.99,medium,low,10,name.com,,,08/08/2026 14:10
c7470ab5-9c1a-422e-bccc-ee8233c1e976,reacts.camera,available,46.78,46.78,medium,low,6,spaceship,,,01/10/2026 18:32
b0a2aaf7-aaa9-4bea-afee-022d5c2c7e56,kosmos.camera,available,45.2,45.2,high,low,6,cloudflare,,,01/10/2026 18:33
25aec546-2617-4563-ac52-039d14763e95,springlike.camera,available,58.99,58.99,medium,low,10,namesilo,,,10/09/2026 16:53
b6d7ff67-b44e-48be-85a6-1fad9b73d2ea,thready.camera,available,21.99,75.99,medium,low,7,name.com,,,18/08/2026 04:08
f0ee2ed5-ba5f-479b-b1b0-4bbf0ca834cb,papaw.camera,available,58.99,58.99,medium,low,5,namesilo,,,20/09/2026 14:12
045c045d-aad8-47f5-bf8a-7e004fbb24f4,overloaded.camera,available,61.98,72.98,medium,low,10,namecheap,,,04/09/2026 20:54
006d8e76-933d-41ad-aefa-22f63d56670f,soundable.camera,available,21.99,75.99,medium,low,9,name.com,,,17/08/2026 23:44
e9feea7f-c99c-41df-933d-a0736ad6c311,prep.camera,available,58.99,58.99,high,low,4,namesilo,,,28/09/2026 02:07
fdf534da-2ff3-4089-b512-87c6521a97dc,legless.camera,available,21.99,75.99,medium,low,7,name.com,,,22/08/2026 23:13
17481e83-5440-421c-a3d8-dd18165878b4,controversy.camera,available,58.99,58.99,medium,low,11,namesilo,,,29/09/2026 10:11
73696a73-cd3b-4742-b3fc-f159636695c6,englishman.camera,available,58.99,58.99,high,low,10,namesilo,,,29/09/2026 12:12
42ea537e-39a9-49d5-ab01-e25ddf111f45,oxidize.camera,available,46.78,46.78,medium,low,7,spaceship,,,02/10/2026 06:45
576af534-0383-4745-aca2-6773b95e3a2b,utc.camera,available,11.99,48.37,medium,low,3,dynadot,,,28/09/2026 09:27
6d3fc8d0-1706-4e97-be3e-b0b9cc2d60ca,mass.camera,available,58.99,58.99,high,low,4,namesilo,,,01/10/2026 08:49
aa2a975c-aa4d-461d-bf32-3082794820c7,consider.camera,available,58.99,58.99,high,low,8,namesilo,,,24/09/2026 05:21
80076a98-ddc8-4130-b94e-4dc7a3884832,westwood.camera,available,21.99,,high,low,8,name.com,,,
981566dd-2d76-4442-b128-814c043dc1a3,willson.camera,available,11.84,46.86,medium,low,7,porkbun,,,30/09/2026 05:22
241ad74b-7539-4dfc-8c59-304163c16b52,llewellyn.camera,available,46.78,46.78,medium,low,9,spaceship,,,29/09/2026 09:48
de5dc44d-10f8-4063-ab96-a1754a79ab68,decomposed.camera,available,46.78,46.78,low,low,10,spaceship,,,02/10/2026 02:50
4d25ccaf-2621-4587-b756-351954c01189,apart.camera,available,58.99,58.99,high,low,5,namesilo,,,22/09/2026 07:07
65728d4b-6303-4512-af0d-5aa60fa50c95,suppliant.camera,available,58.99,58.99,medium,low,9,namesilo,,,11/09/2026 02:30
e1f5e862-d013-4c1b-95be-5eefd6f56579,annulment.camera,available,58.99,58.99,medium,low,9,namesilo,,,16/09/2026 17:16
00a42660-ac43-44d8-be3d-609ec58aa48a,merge.camera,available,58.99,58.99,high,low,5,namesilo,,,29/09/2026 01:02
b66baa6c-a014-47a1-9656-3d742558f6a2,rhoda.camera,available,46.78,46.78,high,low,5,spaceship,,,02/10/2026 13:20
f55953a9-a3a1-47b8-ac2c-0839658cc3c9,kingsley.camera,available,58.99,58.99,medium,low,8,namesilo,,,27/09/2026 20:56
5a14b5aa-41c7-41d6-a933-7110fce5b276,salon.camera,available,58.99,58.99,high,low,5,namesilo,,,22/09/2026 22:23
ad3051f9-dd68-416e-b11d-096474873a23,tet.camera,available,46.78,46.78,high,low,3,spaceship,,,30/09/2026 11:09
95f1da4b-be90-424b-9b9f-0848b20efa1f,gives.camera,available,58.99,58.99,medium,low,5,namesilo,,,18/09/2026 13:54
f8148103-ccb5-434c-8289-0a80ab28a470,fidgety.camera,available,21.99,75.99,medium,low,7,name.com,,,05/08/2026 20:32
6bc9b5a4-5880-4a5f-a3f5-ebc3d48616dc,trish.camera,available,11.84,46.86,high,low,5,porkbun,,,02/10/2026 00:26
057fddf8-6d09-4805-b989-73c9b31bcdbf,notice.camera,available,61.98,72.98,high,low,6,namecheap,,,24/09/2026 16:29
1896e3e7-f78d-41ce-9c19-20c674b67288,hiram.camera,available,46.78,46.78,medium,low,5,spaceship,,,27/09/2026 19:47
bfd9d552-8567-4f19-93bc-d4671e598007,approximate.camera,available,61.98,72.98,high,low,11,namecheap,,,29/09/2026 08:31
78af7323-5d59-4b00-950a-5d12e127b1cc,noisy.camera,available,61.98,72.98,high,low,5,namecheap,,,03/09/2026 18:15
bab3305d-6954-45d0-b1c2-54bee56865dc,hydraulic.camera,available,21.99,75.99,high,low,9,name.com,,,21/08/2026 16:17
867038d8-9755-454a-9ee6-aaf043b67527,ended.camera,available,21.99,75.99,high,low,5,name.com,,,
9e7b715c-4c23-4b0e-be03-f8f9c5f3f693,worded.camera,available,58.99,58.99,medium,low,6,namesilo,,,20/09/2026 15:04
cb0d1f32-6832-4171-90d7-8b357f16c7a6,otic.camera,available,21.99,75.99,medium,low,4,name.com,,,07/08/2026 17:41
b5ab3220-d685-4b5f-a279-81348b23faa5,nps.camera,available,45.2,45.2,high,low,3,cloudflare,,,28/09/2026 16:21
c6ac1c99-df75-492e-8b4e-c3fed3b26a98,wagon.camera,available,46.78,46.78,medium,low,5,spaceship,,,29/09/2026 01:37
355a312e-3171-4312-89a3-dca84b8ed611,crowds.camera,available,11.84,46.86,medium,low,6,porkbun,,,28/09/2026 17:41
7f0cc937-b1a1-4020-9d40-50e521fb53b0,spun.camera,available,58.99,58.99,medium,low,4,namesilo,,,29/09/2026 15:59
58424a91-5447-4df6-aad6-3e7b123724a2,pandemic.camera,available,58.99,58.99,high,low,8,namesilo,,,05/09/2026 00:38
e342c36d-fa15-44d6-93ff-9659fcbdba63,listed.camera,available,61.98,72.98,high,low,6,namecheap,,,25/09/2026 13:56
1bf0eb8b-d38b-40eb-8fdf-2ee9c6836171,prune.camera,available,45.2,45.2,high,low,5,cloudflare,,,03/10/2026 01:51
136aee05-663a-4e23-b955-0b46aa4a0188,definitive.camera,available,21.99,75.99,high,low,10,name.com,,,12/08/2026 09:45
eb84ab94-6b6b-4d3a-9405-1d96bc394fc2,gifted.camera,available,21.99,75.99,high,low,6,name.com,,,18/08/2026 23:27
ea7fe075-010f-4b5f-b1ac-63356ac00985,referred.camera,available,58.99,58.99,medium,low,8,namesilo,,,17/09/2026 06:11
5b4b50ce-3110-4772-8caa-12671fc89273,mattresses.camera,available,58.99,58.99,medium,low,10,namesilo,,,20/09/2026 14:45
3fffff90-1a77-451c-a410-10dbf614e402,intimacy.camera,available,61.98,72.98,high,low,8,namecheap,,,17/09/2026 14:02
2dfd8292-72d8-4f3d-b9e1-b5f89c47ba9d,bartok.camera,available,58.99,58.99,medium,low,6,namesilo,,,22/09/2026 09:23
5d66ca7d-0f9c-4da3-9a66-fd3a0dab0471,rivalrous.camera,available,61.98,72.98,medium,low,9,namecheap,,,09/09/2026 18:06
9c7860e2-62f2-405e-a709-51a344a2612d,senator.camera,available,61.98,72.98,high,low,7,namecheap,,,26/09/2026 00:17
b3539271-87a8-42b9-a7cf-0effc9ede6a7,raiment.camera,available,61.98,72.98,medium,low,7,namecheap,,,19/09/2026 19:57
edf829ef-d08f-4465-95e0-a8f25b3965be,consistently.camera,available,58.99,58.99,high,low,12,namesilo,,,01/10/2026 05:37
241dedfe-d8a9-4ced-9660-318624536137,untilled.camera,available,61.98,72.98,medium,low,8,namecheap,,,12/09/2026 21:24
427f7c1a-6157-46e6-840d-0cd738f5321f,swimsuit.camera,available,58.99,58.99,high,low,8,namesilo,,,22/09/2026 13:37
9bc5ef70-6a6e-4b4a-94b2-034ca523699f,cale.camera,available,46.78,46.78,high,low,4,spaceship,,,30/09/2026 19:53
42d7b960-1531-40b2-859b-4ed610489d5e,highlights.camera,available,11.99,48.37,high,low,10,dynadot,,,29/09/2026 17:36
cd990f73-f364-49e6-85ba-931a4c17e780,met.camera,available,46.78,46.78,high,low,3,spaceship,,,27/09/2026 17:23
aade58c7-677b-412c-98a3-c8ff415426a5,diarrhea.camera,available,46.78,46.78,medium,low,8,spaceship,,,29/09/2026 18:38
11f019ba-16ac-4b58-be9c-f710578c954f,opened.camera,available,58.99,58.99,high,low,6,namesilo,,,04/09/2026 16:13
2de7c608-04d4-42ac-b3aa-e90844acd486,bustle.camera,available,58.99,58.99,high,low,6,namesilo,,,17/09/2026 09:10
763a96ba-4519-451b-a2c6-b4e5bd7bb3d0,ebullient.camera,available,21.99,75.99,medium,low,9,name.com,,,14/08/2026 23:20
b6153a8e-1ea0-443d-8741-2e4637b706cc,inharmonic.camera,available,21.99,75.99,low,low,10,name.com,,,14/08/2026 10:54
89478d3a-e6ec-479a-9bc5-7908254a4535,hayward.camera,available,58.99,58.99,high,low,7,namesilo,,,01/10/2026 23:04
15b76bba-7bb7-4c27-8aac-da062715cd84,pottery.camera,available,58.99,58.99,high,low,7,namesilo,,,29/09/2026 06:22
0038145e-17e8-46c6-9897-85abe4a15600,hydrostatic.camera,available,45.2,45.2,medium,low,11,cloudflare,,,02/10/2026 01:37
00f0858a-84b5-4da1-9187-f9cdf9ececea,sis.camera,available,58.99,58.99,high,low,3,namesilo,,,03/10/2026 02:07
4f107e8c-df5d-45b2-953c-6e0748bc2cb0,listing.camera,available,58.99,58.99,high,low,7,namesilo,,,29/09/2026 01:23
9a380fa2-f517-455f-9acb-d7a2df9539a7,swarthy.camera,available,58.99,58.99,medium,low,7,namesilo,,,11/09/2026 05:25
f18601df-e371-4018-9fbe-f30c7dbfe187,rapporteur.camera,available,45.2,45.2,high,low,10,cloudflare,,,29/09/2026 20:07
acac07ec-0335-4ca0-a3df-2b76724a1dc8,potomac.camera,available,58.99,58.99,high,low,7,namesilo,,,02/10/2026 06:07
10ea640b-a339-4d92-936e-412efdfff7cb,carver.camera,available,46.78,46.78,high,low,6,spaceship,,,29/09/2026 11:53
a600c561-a330-4afe-bb2e-8d29b4ce0a38,boca.camera,available,11.84,46.86,high,low,4,porkbun,,,30/09/2026 05:21
61a6f540-69e1-4549-9deb-e6f8c75b0047,vectors.camera,available,46.78,46.78,medium,low,7,spaceship,,,01/10/2026 00:02
b262a8c0-4552-4650-8c95-0174575e151b,straight.camera,available,21.99,75.99,high,low,8,name.com,,,14/08/2026 08:46
ada4894b-a35c-471b-a387-299904546f86,frisian.camera,available,21.99,75.99,medium,low,7,name.com,,,18/08/2026 15:59
b9378d60-2d0b-4e6b-aec1-73f1ad9c2d5a,rhys.camera,available,45.2,45.2,medium,low,4,cloudflare,,,28/09/2026 18:25
09ec95f3-ce5b-4d8f-862f-5eb09ff844c6,mutation.camera,available,21.99,75.99,high,low,8,name.com,,,03/09/2026 11:41
9a87d21c-66ea-4d99-9e9b-d53d5a9aa0fc,gory.camera,available,21.99,75.99,medium,low,4,name.com,,,10/08/2026 15:23
f6b84251-8e9c-4cf3-ac17-e763747eadd3,knowledge.camera,available,58.99,58.99,high,low,9,namesilo,,,02/10/2026 23:44
e6800f4c-25da-4cae-9243-90b4586f8e11,untanned.camera,available,61.98,72.98,medium,low,8,namecheap,,,12/09/2026 21:00
5d8232fb-5d9c-43f9-b31d-8172a4b795a1,intestate.camera,available,21.99,75.99,medium,low,9,name.com,,,22/08/2026 08:24
4d29ca33-de87-41f5-8e4e-220a9c511333,tientsin.camera,available,58.99,58.99,medium,low,8,namesilo,,,02/10/2026 16:55
f76b6d3b-7806-4088-9ea3-4bea5db1ae42,turnovers.camera,available,58.99,58.99,medium,low,9,namesilo,,,19/09/2026 22:02
e7ec2440-5563-428c-9b29-d5e22ade56a5,skipped.camera,available,58.99,58.99,low,low,7,namesilo,,,29/09/2026 05:58
a93c7ae8-68e6-4daf-8ed1-052371ef59c7,nonsuch.camera,available,61.98,72.98,medium,low,7,namecheap,,,03/09/2026 20:15
faf3eff0-57f4-45bb-9c25-8c075b7a244d,processing.camera,available,58.99,58.99,high,low,10,namesilo,,,28/09/2026 15:08
e855515f-acd1-44cb-9322-12e4529c7959,platte.camera,available,11.99,48.37,high,low,6,dynadot,,,28/09/2026 02:56
1dd0403d-3c6b-4e48-b29a-edb406094da4,drastic.camera,available,21.99,75.99,high,low,7,name.com,,,14/08/2026 18:27
65f12a21-114f-483d-87c1-33246cc99df9,artichoke.camera,available,58.99,58.99,high,low,9,namesilo,,,20/09/2026 11:12
68b5bedf-d213-4255-ad85-0d7d59d95990,undreamt.camera,available,58.99,58.99,medium,low,8,namesilo,,,12/09/2026 08:24
68a337d3-9846-4651-8c28-9a99414f78c0,roofless.camera,available,21.99,75.99,medium,low,8,name.com,,,14/08/2026 12:09
7a648370-ac46-4c58-a61d-a08e2d6e87df,pitiful.camera,available,21.99,75.99,medium,low,7,name.com,,,14/08/2026 02:27
5771d5f1-e507-4299-9159-8ee8e803a00b,leggy.camera,available,21.99,75.99,medium,low,5,name.com,,,22/08/2026 22:57
d9c2d8e2-c18c-4a63-b440-3930630091de,dio.camera,available,45.2,45.2,medium,low,3,cloudflare,,,29/09/2026 09:47
e8bc38ca-1299-42bb-9837-7bbcc12726a0,crinoid.camera,available,21.99,75.99,medium,low,7,name.com,,,13/08/2026 06:58
764cdf7f-e636-4cbe-925c-adf0e571c4c1,faithless.camera,available,21.99,75.99,medium,low,9,name.com,,,17/08/2026 21:14
9f7960ba-f29b-45bb-b61c-ae52c02674e5,maple.camera,available,45.2,45.2,high,medium,5,cloudflare,,,28/09/2026 06:21
e5cd1d3c-1f1f-4001-b066-932c4fdb8c26,nutbrown.camera,available,58.99,58.99,medium,low,8,namesilo,,,03/09/2026 23:14
02d7757d-3940-4115-993b-c18178ecc17f,abbreviation.camera,available,58.99,58.99,medium,low,12,namesilo,,,01/10/2026 12:48
2ccecda3-e04f-4f07-bb35-7353a6687f21,atoll.camera,available,58.99,58.99,high,low,5,namesilo,,,20/09/2026 21:52
0927a860-d24a-40c4-8daf-74e11258bb45,peel.camera,available,46.78,46.78,high,low,4,spaceship,,,30/09/2026 06:31
b9a2cae2-fa75-4837-b61c-a2f5de1b8f1a,alarmism.camera,available,21.99,75.99,medium,low,8,name.com,,,18/09/2026 01:58
53a67bd5-b3d7-42c8-b36b-0dba441b6981,actuate.camera,available,58.99,58.99,high,low,7,namesilo,,,09/09/2026 03:15
ac6f6e00-57c2-41b3-bdf4-9aaab6717d2c,marianas.camera,available,61.98,72.98,medium,low,8,namecheap,,,30/09/2026 10:22
bba343f3-9049-4011-b47f-05223259bc31,stormbound.camera,available,61.98,72.98,low,low,10,namecheap,,,10/09/2026 21:22
74d16e64-4bbf-4bc6-828b-0402f659b72c,beamy.camera,available,21.99,75.99,medium,low,5,name.com,,,09/08/2026 04:18
8d180306-d500-41fc-83b5-6e2993cf15d9,macy.camera,available,61.98,72.98,medium,low,4,namecheap,,,28/09/2026 22:01
3545aa87-3cf2-4e69-b2f3-c1148b5a603c,brake.camera,available,58.99,58.99,medium,low,5,namesilo,,,24/09/2026 08:06
4ab240f3-8d2e-47ba-b98d-a98efd8d4d7c,bout.camera,available,61.98,72.98,high,low,4,namecheap,,,28/09/2026 18:28
686667bd-d355-465b-ab07-e1df5b7ffa7b,saporous.camera,available,21.99,75.99,medium,low,8,name.com,,,18/08/2026 07:16
02ab38b8-001f-4403-9492-58f608645d5d,university.camera,available,46.78,46.78,high,low,10,spaceship,,,01/10/2026 08:47
9eedaf6f-06d7-418a-9679-b12720a08675,keep.camera,available,46.78,46.78,high,low,4,spaceship,,,29/09/2026 04:03
b1d725b1-43e7-408f-bc75-047b6290e843,lgbtq.camera,available,58.99,58.99,high,low,5,namesilo,,,02/10/2026 04:03
eadd20a1-d096-4251-8ce0-33f6c892ae62,tarawa.camera,available,61.98,72.98,medium,low,6,namecheap,,,21/09/2026 19:26
daf9c0e5-d257-463a-b6c7-592ee93f7991,fourfold.camera,available,21.99,75.99,high,low,8,name.com,,,18/08/2026 13:28
35d8f003-e146-45d4-b1a5-09cfc687b99f,franklin.camera,available,58.99,58.99,high,low,8,namesilo,,,23/09/2026 08:17
391372eb-5f50-4faf-8ed9-168041c14a21,metric.camera,available,61.98,72.98,high,low,6,namecheap,,,25/09/2026 19:58
c6f9e703-8e4c-4644-a47d-4805a6a7b464,footed.camera,available,21.99,75.99,medium,low,6,name.com,,,18/08/2026 10:43
d8cd0277-0702-4f59-b16f-f89b5297afef,urn.camera,available,45.2,45.2,high,low,3,cloudflare,,,30/09/2026 11:16
93c438ab-b264-47ac-bde7-cacda6e18630,reindeer.camera,available,46.78,46.78,high,low,8,spaceship,,,29/09/2026 06:16
d2bf7bf0-cb3b-4558-bc2a-0394172df9ca,clanking.camera,available,21.99,75.99,high,low,8,name.com,,,12/08/2026 09:33
58112d33-38bd-4d07-bbe5-f1f69f51a071,savannah.camera,available,58.99,58.99,high,low,8,namesilo,,,30/09/2026 02:47
a17bd614-49e0-4874-bfe2-d92d470dc8f0,spaceward.camera,available,58.99,58.99,medium,low,9,namesilo,,,16/09/2026 05:42
ea2102c2-c928-4084-81ce-ed9960ffaae2,meters.camera,available,46.78,46.78,medium,low,6,spaceship,,,28/09/2026 05:01
581b70b2-0ae2-496f-bfe9-3e05ccc71394,backfire.camera,available,61.98,72.98,high,low,8,namecheap,,,21/09/2026 15:28
08e976ba-86b5-416b-8267-77e22245e29a,chairwoman.camera,available,58.99,58.99,high,low,10,namesilo,,,29/09/2026 07:58
ff87a35b-265d-4684-b24e-9cc0dc902c39,deficient.camera,available,21.99,75.99,medium,low,9,name.com,,,13/08/2026 23:22
675653be-b6f4-435e-a795-cfaa2dd14c5e,actuary.camera,available,58.99,58.99,high,low,7,namesilo,,,17/09/2026 05:21
b76dc2e8-dd59-4b3e-a03c-d0ceaf48c126,cradle.camera,available,61.98,72.98,high,low,6,namecheap,,,29/09/2026 06:28
bde934ab-8e89-4d1d-bdb7-392d83282808,hafnium.camera,available,58.99,58.99,medium,low,7,namesilo,,,20/09/2026 23:42
8ca2f00a-6a2b-4777-bc56-c53938644a2d,knots.camera,available,58.99,58.99,medium,low,5,namesilo,,,28/09/2026 08:23
239e4c96-5283-4767-99d9-b19c8d8e5ffe,additions.camera,available,58.99,58.99,medium,low,9,namesilo,,,18/09/2026 16:32
019048e6-4340-4338-86b5-f9141b08ee77,constellation.camera,available,11.99,48.37,high,low,13,dynadot,,,29/09/2026 20:52
3a278c7b-e0ba-4ace-9758-d3632f40ef02,newspaper.camera,available,45.2,45.2,high,low,9,cloudflare,,,30/09/2026 05:38
85f3e242-c207-4852-b3dd-2c0fa73c9fc7,groups.camera,available,46.78,46.78,high,low,6,spaceship,,,02/10/2026 20:42
3794fe2a-cf47-4d46-a221-d7212527c7a1,spousal.camera,available,21.99,75.99,high,low,7,name.com,,,11/08/2026 03:56
99150499-9a1c-441f-9208-cbce45d2f50e,laffer.camera,available,61.98,72.98,medium,low,6,namecheap,,,20/09/2026 10:59
5fec57bf-cf74-4eba-830b-411c4ccd1bf3,umbrella.camera,available,21.99,75.99,high,low,8,name.com,,,11/09/2026 23:04
d8e69017-a5d1-4a28-a59f-ad1d08a1a17b,coffeehousing.camera,available,61.98,72.98,medium,low,13,namecheap,,,20/09/2026 21:09
b344fe05-c485-4916-8438-10f36e25fa9a,ransom.camera,available,61.98,72.98,medium,low,6,namecheap,,,27/09/2026 05:07
8c5f9446-a5df-4964-9b5e-4ea7196f5800,cultures.camera,available,46.78,46.78,medium,low,8,spaceship,,,28/09/2026 23:32
f4393e1c-1b64-482d-8400-c7fef5082378,alternator.camera,available,58.99,58.99,medium,low,10,namesilo,,,18/09/2026 14:48
4cf6ed7f-4038-418a-bdee-994e0f375c3e,tonight.camera,available,46.78,46.78,high,low,7,spaceship,,,30/09/2026 14:14
883a37f4-4b4f-4b67-8413-d2f3766bd407,arty.camera,available,21.99,75.99,high,low,4,name.com,,,06/08/2026 23:51
0fbab7cc-e7d5-4b68-933a-7495990e26e7,torpedoes.camera,available,58.99,58.99,low,low,9,namesilo,,,29/09/2026 11:10
de0b562c-ef78-4be7-ab07-b9a531a2f0dc,cattie.camera,available,21.99,75.99,medium,low,6,name.com,,,11/08/2026 22:14
a7d6d613-de90-4f3b-a853-ed3cc56f4baa,shove.camera,available,46.78,46.78,high,low,5,spaceship,,,30/09/2026 11:14
87761a58-b742-41df-b03a-cf69b6e1d496,return.camera,available,58.99,58.99,high,low,6,namesilo,,,19/09/2026 03:27
09309088-9f27-4cbb-b97a-79e6732dea83,metastable.camera,available,21.99,75.99,medium,low,10,name.com,,,24/08/2026 21:47
2de64d1e-a095-4f76-998c-ab983d332b73,graphical.camera,available,21.99,75.99,high,low,9,name.com,,,20/08/2026 18:11
79a1cf56-dd94-442e-9805-2acd6f174396,daedalus.camera,available,21.99,75.99,high,low,8,name.com,,,13/08/2026 15:32
e4f111d2-2fac-4392-9872-9cf590a4af49,habib.camera,available,11.84,46.86,high,low,5,porkbun,,,29/09/2026 15:09
e6965e21-8a2a-47a8-90c8-18521a028318,urbanism.camera,available,46.78,46.78,high,low,8,spaceship,,,02/10/2026 21:09
74ecf811-059f-45d5-93cd-e5b2607000a3,gravely.camera,available,58.99,58.99,medium,low,7,namesilo,,,13/09/2026 23:09
fac0a068-43c4-4558-a4fe-ca77be33d84a,worth.camera,available,45.2,45.2,high,low,5,cloudflare,,,28/09/2026 11:03
e6e2fd28-4bba-4409-9968-1532066aa56e,hegelian.camera,available,21.99,75.99,medium,low,8,name.com,,,21/08/2026 06:14
3b88d6c3-02ac-4c7d-88e9-b752ff9236a5,application.camera,available,58.99,58.99,high,low,11,namesilo,,,27/09/2026 02:05
b45d25dc-bd94-4361-8994-59d8b61a1193,linguistic.camera,available,21.99,75.99,high,low,10,name.com,,,23/08/2026 15:05
9e549edb-050a-4446-90f8-657ac4fe7a33,tiered.camera,available,58.99,58.99,medium,low,6,namesilo,,,11/09/2026 15:49
27b4ebb3-6bb8-4b5a-9210-f17afa16f44b,labour.camera,available,45.2,45.2,medium,low,6,cloudflare,,,29/09/2026 04:26
c7521a58-7e2a-483d-9dc2-cc6d3b80f8a0,pastoral.camera,available,21.99,75.99,high,low,8,name.com,,,06/08/2026 14:20
2551fb41-9fd6-4876-98bb-6c8e082c5ece,phallic.camera,available,58.99,58.99,medium,low,7,namesilo,,,08/09/2026 18:31
44a6ad38-923e-4a71-85a5-f2a64c0df5f1,sectarian.camera,available,58.99,58.99,medium,low,9,namesilo,,,10/09/2026 01:13
17ec4b58-b984-4ff1-8937-a05c4747affb,missoula.camera,available,61.98,72.98,medium,low,8,namecheap,,,29/09/2026 01:41
2e441690-bfeb-420b-8925-19a8ee984803,weaponry.camera,available,61.98,72.98,medium,low,8,namecheap,,,20/09/2026 07:43
4bc3244a-2d04-4843-8bf4-245514e69249,combine.camera,available,58.99,58.99,medium,low,7,namesilo,,,28/09/2026 13:39
22934542-ef54-48dc-b1c1-0c2d524c8e12,polysemous.camera,available,58.99,58.99,medium,low,10,namesilo,,,08/09/2026 23:31
2d400a14-a8aa-455e-a190-ba4188f30ad1,angell.camera,available,46.78,46.78,high,low,6,spaceship,,,29/09/2026 21:36
a9fc6f42-1bb0-4f20-a40e-f38030a7145d,awny.camera,available,21.99,75.99,medium,low,4,name.com,,,08/08/2026 01:25
a06d52da-4c94-49cc-a767-1f7a7ccc3eac,favourable.camera,available,61.98,72.98,high,low,10,namecheap,,,24/09/2026 17:24
ea9da77a-6f96-4fea-8f60-d5c8d3566bb0,supplement.camera,available,58.99,58.99,high,low,10,namesilo,,,17/09/2026 06:43
a51ef2aa-73bb-41c3-8dae-0e0fb8037f8a,ottawa.camera,available,58.99,58.99,high,low,6,namesilo,,,24/09/2026 11:58
a69f9ff3-4d63-4e68-bcd4-5a762282c533,voronezh.camera,available,45.2,45.2,medium,low,8,cloudflare,,,30/09/2026 21:25
6e47d24f-876b-4491-9c9e-cccd9aa9343a,ripon.camera,available,46.78,46.78,high,low,5,spaceship,,,29/09/2026 16:21
8b5c9182-f798-4f91-ba0a-f7b7bd47cc96,mughal.camera,available,61.98,72.98,medium,low,6,namecheap,,,28/09/2026 21:33
3a508e63-d5ed-4d69-965f-dedb6cf1e9bd,unabated.camera,available,58.99,58.99,medium,low,8,namesilo,,,11/09/2026 23:24
622dacf2-c33e-48da-ba9e-124dfa4cf891,horsemen.camera,available,46.78,46.78,medium,low,8,spaceship,,,30/09/2026 23:19
351350df-f534-4d1c-880d-d1a5506ec735,warranted.camera,available,11.99,48.37,medium,low,9,dynadot,,,02/10/2026 12:11
dfc1c1d3-efb6-4ce6-9842-cb45225bd887,shortcomings.camera,available,45.2,45.2,low,low,12,cloudflare,,,02/10/2026 02:52
25528faa-6b5e-4654-bdad-a41aa26e9897,landry.camera,available,46.78,46.78,medium,low,6,spaceship,,,29/09/2026 05:35
27b8d75b-bc05-435a-a28e-200847ef3f5e,circumstance.camera,available,58.99,58.99,high,low,12,namesilo,,,29/09/2026 08:31
86cd8d93-544f-4fbe-b10c-9fae517e7e90,poisoning.camera,available,45.2,45.2,medium,low,9,cloudflare,,,30/09/2026 00:17
b2801e75-be91-48ad-a5c6-2120740807a3,encamp.camera,available,21.99,75.99,medium,low,6,name.com,,,11/08/2026 15:56
5bb6aff2-f30a-403b-9212-51745e855481,essay.camera,available,58.99,58.99,high,low,5,namesilo,,,21/09/2026 01:17
794297f9-f069-42ca-851a-a758d0b4827b,ignescent.camera,available,21.99,75.99,medium,low,9,name.com,,,21/08/2026 18:22
96d9e1f5-aa00-473e-b99b-5748b9a1aec8,phonemic.camera,available,61.98,72.98,medium,low,8,namecheap,,,08/09/2026 19:02
6f9a63ec-e7ef-4bc2-aebf-bf43ea1c6b8a,vicenary.camera,available,58.99,58.99,medium,low,8,namesilo,,,13/09/2026 05:21
9dd23518-631e-4eeb-a5d8-a4322f263251,thayer.camera,available,46.78,46.78,medium,low,6,spaceship,,,28/09/2026 08:07
01dd8a01-aa55-4069-833b-1c371c4a3135,elysian.camera,available,21.99,75.99,high,low,7,name.com,,,16/08/2026 06:18
34bf9bfc-6ce3-4f36-a08f-27a85b84ae2e,palladian.camera,available,58.99,58.99,medium,low,9,namesilo,,,04/09/2026 23:44
438493db-dba3-4311-b599-56455109b075,gonzo.camera,available,21.99,75.99,high,low,5,name.com,,,10/08/2026 10:27
3129d56e-ece5-490a-a805-4f9aea5a249a,paycheck.camera,available,46.78,46.78,high,low,8,spaceship,,,30/09/2026 10:49
e86c1570-ce05-41f3-8010-258d3eb98c96,insurgent.camera,available,21.99,75.99,medium,low,9,name.com,,,22/08/2026 07:44
82c1620d-dc90-425f-b5d4-bf12cf17253d,denial.camera,available,46.78,46.78,high,low,6,spaceship,,,29/09/2026 13:58
89b175b4-207d-413f-a2fd-247b6a379467,filetypes.camera,available,61.98,72.98,low,low,9,namecheap,,,20/09/2026 01:57
04a5f43c-93f5-4c52-ab6f-e1eec802344e,arrowsmith.camera,available,58.99,58.99,medium,low,10,namesilo,,,20/09/2026 09:31
76b3b7d1-dbbd-45c7-a7e0-defdab61bfb3,peacemaker.camera,available,58.99,58.99,high,low,10,namesilo,,,24/09/2026 10:53
adf82112-898b-4250-8ea2-ef399f9ce3ce,striving.camera,available,45.2,45.2,high,low,8,cloudflare,,,02/10/2026 16:13
71f53189-bba8-454e-90c4-ee146889c82d,undisputed.camera,available,58.99,58.99,high,low,10,namesilo,,,12/09/2026 05:02
295cc3fb-5889-4ddf-9ddd-db0ddcea0140,existence.camera,available,46.78,46.78,high,low,9,spaceship,,,28/09/2026 10:53
6cf43861-83d5-45ae-92d0-85628101c025,alexei.camera,available,46.78,46.78,high,low,6,spaceship,,,29/09/2026 10:07
239e46e0-f6f9-4671-93cf-1f0be4efcb56,brute.camera,available,21.99,75.99,high,low,5,name.com,,,
f5390323-7d07-41e7-9fbc-3305ef2e0c0c,otoscope.camera,available,58.99,58.99,medium,low,8,namesilo,,,21/09/2026 04:28
8d765e94-9be6-4375-8211-5972617a6990,toddler.camera,available,46.78,46.78,high,low,7,spaceship,,,29/09/2026 00:53
95c2486f-a833-43a3-9fe0-d6d5bc49f1b1,crush.camera,available,21.99,75.99,high,low,5,name.com,,,09/08/2026 05:21
184d8e54-6d75-498d-95f2-ce2c46f984b4,prodigious.camera,available,21.99,75.99,high,low,10,name.com,,,12/08/2026 17:58
cb4b0af7-4c3f-4536-ae3b-91c28cd2c7b8,wads.camera,available,58.99,58.99,high,low,4,namesilo,,,14/09/2026 23:30
3459cd9d-4b1e-4f0c-9972-0890f89b82e5,kurt.camera,available,58.99,58.99,high,low,4,namesilo,,,25/09/2026 13:27
055635d5-e379-45a8-aa40-e5f272f0e94b,bleary.camera,available,21.99,75.99,medium,low,6,name.com,,,10/08/2026 13:59
dad84613-795d-4930-946f-9179cee68414,selected.camera,available,58.99,58.99,high,low,8,namesilo,,,27/09/2026 19:50
1e22a436-9d65-47ad-9a91-d249b0e5883f,mousy.camera,available,21.99,75.99,medium,low,5,name.com,,,25/08/2026 08:42
e37b8366-09dd-490b-8f3a-569444e6ab9f,idiot.camera,available,58.99,58.99,high,low,5,namesilo,,,01/10/2026 03:03
a5be12db-72d9-4b66-b619-6320bf870bb9,conniption.camera,available,21.99,75.99,medium,low,10,name.com,,,18/08/2026 05:43
84ae70b8-db46-483d-b555-fa4fa179696d,gallipoli.camera,available,46.78,46.78,medium,low,9,spaceship,,,29/09/2026 22:32
a57e661b-c02d-419c-becc-ba67cf06de55,veterinary.camera,available,58.99,58.99,high,low,10,namesilo,,,13/09/2026 05:00
3c530bec-4e8e-4897-b7d0-a5d18ecd6e0c,syd.camera,available,46.78,46.78,high,low,3,spaceship,,,30/09/2026 22:00
9864ea9d-c125-4a72-ae0f-2086ead5ece2,blackjack.camera,available,58.99,58.99,high,low,9,namesilo,,,24/09/2026 00:44
49b121c3-7686-4cdb-8e3c-c7bae2ff69d9,observe.camera,available,58.99,58.99,high,low,7,namesilo,,,25/09/2026 23:53
a759f86e-7c01-4f0e-a9e7-52c3acf31c13,flushing.camera,available,58.99,58.99,medium,low,8,namesilo,,,29/09/2026 10:01
007f9fb1-9103-463b-a0bd-10def70ff84a,ponders.camera,available,58.99,58.99,medium,low,7,namesilo,,,18/09/2026 02:06
1241cd2a-d212-443b-ab38-3714677feee7,arborist.camera,available,58.99,58.99,medium,low,8,namesilo,,,20/09/2026 00:51
f92e95eb-0812-40b5-885c-8dc7ace44b40,csr.camera,available,58.99,58.99,high,low,3,namesilo,,,29/09/2026 23:54
dcd9a29c-5214-45b1-a847-e698919f1605,propagated.camera,available,46.78,46.78,medium,low,10,spaceship,,,02/10/2026 18:30
ef30f6dc-d7d7-4848-aefa-7565b1218cf8,concoct.camera,available,46.78,46.78,high,low,7,spaceship,,,30/09/2026 17:42
45f3f65e-205d-49ac-8cf6-06fabfdb4ee6,tickling.camera,available,58.99,58.99,high,low,8,namesilo,,,11/09/2026 15:27
2aedfba5-4045-4347-8d46-723a7af160de,doze.camera,available,58.99,58.99,high,low,4,namesilo,,,24/09/2026 23:43
9ae669e2-121b-47db-b191-88a3eb3e43e0,flowerbed.camera,available,61.98,72.98,high,low,9,namecheap,,,22/09/2026 22:58
0ff722c0-ccea-428c-aacd-08a59fb4c27e,psychiatry.camera,available,46.78,46.78,high,low,10,spaceship,,,29/09/2026 20:04
da443605-6e0d-4b59-a5d9-6ad369f9465f,hence.camera,available,58.99,58.99,medium,low,5,namesilo,,,28/09/2026 15:09
913df5e5-7ac6-4b7a-9962-2ace2f2e2fea,background.camera,available,58.99,58.99,high,low,10,namesilo,,,29/09/2026 00:20
814fad8f-6dd1-49c2-92ab-058b18c00140,prediction.camera,available,46.78,46.78,high,low,10,spaceship,,,29/09/2026 00:58
92eb0728-38f9-4af5-9145-d18c449be408,brookes.camera,available,45.2,45.2,high,low,7,cloudflare,,,30/09/2026 22:15
1a4fedc6-7f1d-481b-ad77-97589251e50a,greenish.camera,available,21.99,75.99,medium,low,8,name.com,,,13/08/2026 18:01
74cd4265-b3d0-4626-9f75-8796f6b63555,download.camera,premium,512,512,high,low,8,namesilo,,,28/09/2026 06:58
55872ad0-cbd4-4dff-9ecd-8771bda0de5d,such.camera,available,89.99,89.99,high,low,4,godaddy,,,28/09/2026 01:50
f815ff51-6407-4c17-a141-bdfa2c673b38,stormwater.camera,available,45.2,45.2,high,low,10,cloudflare,,,30/09/2026 05:51
d7b24a35-2fc7-4192-bf8a-0a1675446c31,twinkle.camera,available,21.99,75.99,high,low,7,name.com,,,18/08/2026 06:46
cd649f1d-6c4b-4f41-a9ff-4ffd00e44e79,optical.camera,available,58.99,58.99,high,low,7,namesilo,,,04/09/2026 00:42
08d70539-2835-4e28-8db4-28df30517819,expiration.camera,available,46.78,46.78,high,low,10,spaceship,,,29/09/2026 18:05
7fb9c899-9c54-4202-8b9c-5d5fd26d843a,kenneth.camera,available,61.98,72.98,high,low,7,namecheap,,,25/09/2026 19:13
8fa73514-6025-4af4-a299-b085e215d214,coins.camera,available,61.98,72.98,high,medium,5,namecheap,,,16/09/2026 08:35
2f67dee4-8804-47d6-a09a-11e232ea90f8,lowry.camera,available,46.78,46.78,medium,low,5,spaceship,,,01/10/2026 01:28
0deea85a-2b8d-4f60-b79b-26377b01c5b3,herbaceous.camera,available,21.99,75.99,medium,low,10,name.com,,,21/08/2026 06:56
fb3778b0-3211-4b91-bfb4-7a98ffa94e32,alkalizer.camera,available,21.99,75.99,medium,low,9,name.com,,,
42c5d337-ceba-4363-9d78-4b8be3affb70,mexicano.camera,available,61.98,72.98,high,low,8,namecheap,,,02/10/2026 16:06
8e589cfe-7cdc-430e-ad55-02287374fc5d,glowing.camera,available,21.99,75.99,high,low,7,name.com,,,20/08/2026 15:08
ee45e04e-0080-4d84-9f52-c2a0614f8306,negroid.camera,available,58.99,58.99,medium,low,7,namesilo,,,03/09/2026 15:14
f79d79ad-cc51-4a1d-933b-12898e31029b,icons.camera,available,21.99,,high,low,5,name.com,,,
8ffcb251-7250-480a-9f3e-2495c7453e5b,baryon.camera,available,58.99,58.99,medium,low,6,namesilo,,,22/09/2026 09:41
0dcaae57-4dca-4552-8c6d-1ebda46bc6e1,prostate.camera,available,58.99,58.99,high,low,8,namesilo,,,09/09/2026 03:47
fd4fab75-0520-41db-a993-225d5839f67b,circulating.camera,available,45.2,45.2,medium,low,11,cloudflare,,,30/09/2026 06:04
0f821316-4e61-48d5-b777-2615add124c6,mistakenly.camera,available,58.99,58.99,medium,low,10,namesilo,,,14/09/2026 16:00
88c5143a-d11e-4e00-850c-31e2dcf13749,morton.camera,available,58.99,58.99,high,low,6,namesilo,,,25/09/2026 05:58
908a9259-7241-40c1-b5c4-54128849651c,leadless.camera,available,21.99,75.99,medium,low,8,name.com,,,22/08/2026 21:48
d30f530e-56fe-43ac-982e-533861c7a96a,bronzy.camera,available,21.99,75.99,medium,low,6,name.com,,,11/08/2026 05:39
3e9987c8-7c93-468b-a235-9c9398fa912e,furnished.camera,available,21.99,75.99,high,low,9,name.com,,,18/08/2026 18:50
f4354c54-3808-4620-bccf-f898700dd710,tendon.camera,available,45.2,45.2,high,low,6,cloudflare,,,01/10/2026 21:42
398485b4-d2be-4bd4-80ad-c9a9fd6b5da7,intensify.camera,available,21.99,75.99,high,low,9,name.com,,,12/08/2026 19:29
6337d686-0576-4d42-a744-a4702d7d6992,persisting.camera,available,21.99,75.99,high,low,10,name.com,,,14/08/2026 15:05
6ec53e88-dfb7-419e-ac37-cc1d7ba5976e,alienism.camera,available,58.99,58.99,medium,low,8,namesilo,,,18/09/2026 07:34
6c0691b3-cfd2-46d5-bbd3-4f77b1366563,baldrick.camera,available,58.99,58.99,medium,low,8,namesilo,,,21/09/2026 21:46
36ded8dd-df41-4e22-a54c-f2d83b83a66e,ayrshire.camera,available,58.99,58.99,high,low,8,namesilo,,,21/09/2026 10:44
2d128c02-4876-4f00-8bb7-43899c82a829,limo.camera,available,11.99,48.37,high,low,4,dynadot,,,30/09/2026 03:02
d0ad37a0-e60e-457d-871d-95f6423228af,cans.camera,available,58.99,58.99,medium,low,4,namesilo,,,18/09/2026 22:47
8c938839-971c-4ab4-a6da-21f70d4e4323,endemical.camera,available,21.99,75.99,medium,low,9,name.com,,,17/08/2026 00:53
ef9ba004-e4b5-4c88-8d37-8f4121dbce13,afraid.camera,available,58.99,58.99,high,low,6,namesilo,,,26/09/2026 00:46
839ac75d-289b-441f-85b7-e0b28b60c83d,valued.camera,available,46.78,46.78,high,low,6,spaceship,,,28/09/2026 10:07
2ef0b16c-5818-40b8-a717-b7f1f2cbd61d,addictive.camera,available,58.99,58.99,high,low,9,namesilo,,,21/09/2026 17:08
5a7afc13-52c6-4a1c-a9d7-f6ab8e97caac,favorite.camera,available,58.99,58.99,high,low,8,namesilo,,,24/09/2026 04:33
559f0b9d-ea91-49a0-88a9-ee586fdd6749,ghanaian.camera,available,21.99,75.99,high,low,8,name.com,,,18/08/2026 23:10
b6407362-9b26-414d-91f0-41078b693c28,kew.camera,available,45.2,45.2,high,low,3,cloudflare,,,28/09/2026 11:39
59a712a3-8882-4da9-ba91-211982cdc44e,scranton.camera,available,58.99,58.99,medium,low,8,namesilo,,,26/09/2026 00:14
16a6558a-211b-4829-a9a1-85887ccdb64d,endpoints.camera,available,46.78,46.78,medium,low,9,spaceship,,,30/09/2026 07:49
ad2f3f82-7c55-4a3a-bbe1-46862d9c320e,flimsy.camera,available,21.99,75.99,medium,low,6,name.com,,,18/08/2026 08:15
894dcd69-e1e3-4e2d-8b81-925a8509a6d2,arrivals.camera,available,58.99,58.99,medium,low,8,namesilo,,,21/09/2026 01:02
3d654c3e-a24a-4652-86a1-129bcfd14ee6,baric.camera,available,21.99,75.99,low,low,5,name.com,,,08/08/2026 19:31
f1626e4a-0fdb-4d94-9b22-78d16f219cc7,axiomatic.camera,available,21.99,75.99,high,low,9,name.com,,,05/08/2026 23:27
c85945fb-10d9-43d9-8f83-44f83500ba31,emo.camera,available,58.99,58.99,high,low,3,namesilo,,,01/10/2026 04:45
de6fc57f-af97-44cb-9225-cd1cc3c1bfe4,ringer.camera,available,58.99,58.99,high,low,6,namesilo,,,23/09/2026 05:42
e4d58ba5-d9ed-434b-a138-eca13795d615,parnell.camera,available,11.84,46.86,medium,low,7,porkbun,,,28/09/2026 18:40
6f963a57-3ec8-49f1-8d37-dd74f9459f6d,ackack.camera,available,21.99,75.99,medium,low,7,name.com,,,
9311c8d8-023b-44f5-a531-520cf987adb0,tribe.camera,available,21.99,75.99,high,medium,5,name.com,,,22/08/2026 16:07
70218627-6515-4715-a2c8-6b2604b32a39,beograd.camera,available,58.99,58.99,high,low,7,namesilo,,,23/09/2026 05:12
87fc9c8b-7bc1-4ceb-816a-49fbb59e4c4f,wirt.camera,available,61.98,72.98,medium,low,4,namecheap,,,02/10/2026 08:49
bd40e95e-b0ca-4b01-a525-60530aca0bc2,concentration.camera,available,58.99,58.99,high,low,13,namesilo,,,27/09/2026 21:44
4f6e8a92-6240-488b-8c1a-edd902cfabbf,meatless.camera,available,21.99,75.99,medium,low,8,name.com,,,24/08/2026 18:33
b80e4fab-d317-4346-9958-de11fae1ed2c,maginot.camera,available,61.98,72.98,medium,low,7,namecheap,,,19/09/2026 04:15
ba1d9499-0b95-4975-ac23-b6984500ba1c,four.camera,available,58.99,58.99,high,low,4,namesilo,,,21/09/2026 13:11
8ca94235-8b20-4753-b580-4407cf5c57d1,swishing.camera,available,61.98,72.98,high,low,8,namecheap,,,18/09/2026 03:16
efa044ae-2def-4950-85e2-b284fb539b98,armillaria.camera,available,58.99,58.99,medium,low,10,namesilo,,,20/09/2026 07:07
1757a37d-af1d-46bc-8d0f-239578ffaa7b,severe.camera,available,58.99,58.99,medium,low,6,namesilo,,,22/09/2026 13:18
23f26e01-6b52-412f-9ab4-e43eaf1f1377,hartford.camera,available,46.78,46.78,medium,low,8,spaceship,,,28/09/2026 18:33
8ed6eb01-6a94-486f-9d1f-607a0d33304a,clive.camera,available,58.99,58.99,high,low,5,namesilo,,,22/09/2026 07:05
2ad91541-93c4-4bbd-b2b8-c948da62bce3,selflessly.camera,available,61.98,72.98,medium,low,10,namecheap,,,13/09/2026 19:23
8cb3e4dc-a95b-4cbe-ba37-631410e22618,cursively.camera,available,58.99,58.99,medium,low,9,namesilo,,,14/09/2026 10:07
14b56479-a031-4944-9197-51ba3092b31c,receiver.camera,available,58.99,58.99,high,low,8,namesilo,,,28/09/2026 10:40
552c3823-e54a-4404-ae95-d3a5b0bd7b53,superbly.camera,available,45.2,45.2,medium,low,8,cloudflare,,,28/09/2026 10:44
ee6cdc30-5162-4eac-bf8f-b80661b73e4e,aquaphobia.camera,available,58.99,58.99,medium,low,10,namesilo,,,19/09/2026 22:59
697dcb61-74c4-4c03-ba1e-b15ef743f4b5,providers.camera,available,11.99,48.37,medium,low,9,dynadot,,,02/10/2026 23:32
c59cb708-3ea7-4e16-a571-d0a5650913c2,kids.camera,premium,128.7,128.7,high,low,4,namecheap,,,25/09/2026 20:52
3c352129-a106-42e0-974b-ec13160e6271,gulfport.camera,available,45.2,45.2,medium,low,8,cloudflare,,,02/10/2026 21:01
8806fcd3-2a8e-4f95-a4b8-93329a5668f3,vocation.camera,available,46.78,46.78,high,low,8,spaceship,,,30/09/2026 16:34
4388ecb7-2bd8-429c-896c-7d4407828405,splendor.camera,available,46.78,46.78,high,low,8,spaceship,,,30/09/2026 08:50
041f92cd-fd65-402d-8916-d3405305690c,bears.camera,available,21.99,,high,low,5,name.com,,,
8a7c28fa-c853-4b53-9cc2-05829b10d5db,daley.camera,available,11.99,48.37,high,low,5,dynadot,,,28/09/2026 11:42
eccfa6af-637b-4acd-986b-51b98829b4d3,deductive.camera,available,21.99,75.99,medium,low,9,name.com,,,13/08/2026 22:29
6a4c778d-22ae-42bc-b50e-9c75a6d463ff,prink.camera,available,58.99,58.99,medium,low,5,namesilo,,,21/09/2026 02:05
e2d94d61-68c1-427d-8785-ba87da75c1cb,certain.camera,available,11.84,46.86,high,low,7,porkbun,,,27/09/2026 19:05
279872d6-0f39-44d3-96ad-075f2b5f20e6,wick.camera,available,46.78,46.78,high,low,4,spaceship,,,29/09/2026 14:07
81dac8f7-d08b-47af-956b-fee0a1c87e96,gamble.camera,available,58.99,58.99,high,low,6,namesilo,,,17/09/2026 10:37
8d7c6bb3-34cf-4d12-ba60-8d7087e68bbd,lineal.camera,available,21.99,75.99,medium,low,6,name.com,,,23/08/2026 14:16
5ec89c56-a9ad-495d-b6d6-c85c5617b59c,asinine.camera,available,21.99,75.99,low,low,7,name.com,,,07/08/2026 02:35
9bad611a-2ebf-4f72-95ab-16186bb4414c,harriet.camera,available,45.2,45.2,high,low,7,cloudflare,,,27/09/2026 22:29
17146ade-9688-47dc-bbab-c273193f0fe3,dakar.camera,available,58.99,58.99,high,low,5,namesilo,,,29/09/2026 06:52
d405ad86-93d2-4b6d-b75a-5b7784f5a6c8,pillowcase.camera,available,21.99,,medium,low,11,name.com,,,
79036250-a6c2-4ef8-83cd-f04fc3ff30c5,remote.camera,resell,,,high,medium,6,Dynadot Inc,01/09/2017 23:20,01/09/2027 23:20,03/10/2026 03:20
25521797-d625-42e2-9262-c95f721dceb2,rube.camera,available,21.99,75.99,medium,low,4,name.com,,,21/08/2026 08:03
67a2d6f6-c801-4cbe-8f32-bd5990a69b1a,skies.camera,available,61.98,72.98,high,low,5,namecheap,,,18/09/2026 07:49
ed285353-da61-4857-98c7-49f8e6a6dc49,mall.camera,available,45.2,45.2,high,low,4,cloudflare,,,30/09/2026 03:46
afc9ff35-f310-4e75-b198-442e5ec97783,declared.camera,available,21.99,75.99,medium,low,8,name.com,,,13/08/2026 21:46
61d30605-ed13-4fb2-9da1-52de69451b78,amberbell.camera,available,58.99,58.99,medium,low,9,namesilo,,,18/09/2026 16:32
cd6e1b9f-94c4-4b44-ae4e-93a71b0a1bd1,elderberry.camera,available,58.99,58.99,medium,low,10,namesilo,,,24/09/2026 00:39
c62f24b5-35d1-41ed-b37e-55b7bf576330,peaty.camera,available,58.99,58.99,medium,low,5,namesilo,,,08/09/2026 11:28
84162341-8bec-4b24-b676-6e471d1dd5b6,puppets.camera,available,46.78,46.78,medium,low,7,spaceship,,,30/09/2026 15:48
c93a07fe-3db3-41b7-99ff-f4202ce9c3a9,tangled.camera,available,58.99,58.99,medium,low,7,namesilo,,,11/09/2026 07:59
a64faf45-d6f8-46c9-8bcc-21110120be08,unlabeled.camera,available,58.99,58.99,medium,low,9,namesilo,,,12/09/2026 14:28
921a5865-52d4-4095-9240-3a779433d30d,surroundings.camera,available,58.99,58.99,high,low,12,namesilo,,,01/10/2026 17:40
c057ece0-a387-44ec-9582-a6f3439793da,mountain.camera,available,58.99,58.99,high,low,8,namesilo,,,25/09/2026 20:48
a2404589-6815-4cb4-98d1-74818d405508,hardworking.camera,available,11.84,46.86,high,low,11,porkbun,,,02/10/2026 01:28
6a07ee6a-bd4e-4c27-b85c-78e360d3344e,shouts.camera,available,58.99,58.99,medium,low,6,namesilo,,,18/09/2026 07:00
0002ecdf-e028-4fb2-be0d-c14f1acfb43d,galveston.camera,available,58.99,58.99,high,low,9,namesilo,,,27/09/2026 04:07
3690277a-9d3c-4fb0-b43a-6805bc94be76,masted.camera,available,21.99,75.99,medium,low,6,name.com,,,24/08/2026 16:45
e5828f1e-e06f-401d-91af-69800602b3b6,multiplied.camera,available,58.99,58.99,medium,low,10,namesilo,,,03/09/2026 10:54
b3aa2b6d-70b3-4b96-a7d3-f580482ee996,shellfish.camera,available,11.84,46.86,high,low,9,porkbun,,,30/09/2026 18:03
cf73d2e1-7279-458e-b91e-edee4a559a5e,hid.camera,available,58.99,58.99,medium,low,3,namesilo,,,26/09/2026 03:17
89db21bd-f8d5-4d70-b673-6eda04b92389,tectonic.camera,available,21.99,75.99,medium,low,8,name.com,,,06/08/2026 15:47
e55437c7-f904-4cfd-953d-d1d7e63f6d8a,sulfurized.camera,available,21.99,75.99,medium,low,10,name.com,,,11/09/2026 01:25
65628845-72a7-428b-89f3-2ab7293101fc,agrypnia.camera,available,61.98,72.98,medium,low,8,namecheap,,,17/09/2026 20:02
6bb6c8b9-67d8-40db-8e88-52631427343f,inhibit.camera,available,45.2,45.2,high,low,7,cloudflare,,,30/09/2026 16:14
d9f0cd9c-b5ba-4c97-b4ac-cc72885df29f,trichrome.camera,available,61.98,72.98,medium,low,9,namecheap,,,11/09/2026 19:24
bbad7bc8-cfb4-4f6c-b3d0-99593d9e4177,churl.camera,available,21.99,75.99,medium,low,5,name.com,,,13/08/2026 05:00
8f73ac79-acfe-4fe3-9287-eca7a1ff01eb,dizziness.camera,available,46.78,46.78,medium,low,9,spaceship,,,30/09/2026 17:01
a698ed1b-1600-4437-97a0-0a9b7ab0ae85,maggie.camera,available,61.98,72.98,high,low,6,namecheap,,,25/09/2026 11:56
9cdacb23-f870-48fd-b5e5-fa4f154eae8d,completing.camera,available,58.99,58.99,high,low,10,namesilo,,,23/09/2026 17:20
e827a469-330e-4d20-b352-0fcb32344fb1,spiceberry.camera,available,58.99,58.99,medium,low,10,namesilo,,,20/09/2026 03:12
eb596cb6-94ef-4b53-9a22-3c799aeeb5eb,archway.camera,available,58.99,58.99,high,low,7,namesilo,,,20/09/2026 02:39
107361e6-28f1-4df5-b88e-3c599c4ef3b6,inflowing.camera,available,21.99,75.99,medium,low,9,name.com,,,22/08/2026 04:34
1e9bdd2d-bafe-44a0-aa91-dcf6a36f25b2,ignores.camera,available,58.99,58.99,low,low,7,namesilo,,,02/10/2026 03:56
ee8cd556-e845-4f9a-8ba2-32f4b23b6b81,bhaga.camera,available,61.98,72.98,medium,low,5,namecheap,,,23/09/2026 12:29
4c92dcc2-232e-4fc3-b36f-a0b69b4b1b07,birdcall.camera,available,61.98,72.98,high,low,8,namecheap,,,23/09/2026 20:35
79db8470-d16a-443e-b78e-b503ec97a7c1,taxis.camera,available,11.84,46.86,high,low,5,porkbun,,,02/10/2026 16:56
775631e7-bba1-4424-a7ef-1f8355aaf48d,uppity.camera,available,58.99,58.99,medium,low,6,namesilo,,,12/09/2026 23:17
7b33387f-b032-4992-b062-462495ec07b8,fonts.camera,available,58.99,58.99,medium,low,5,namesilo,,,20/09/2026 22:56
ce311b63-5d8c-484e-b121-e83784a8f4a7,nmda.camera,available,45.2,45.2,high,low,4,cloudflare,,,02/10/2026 12:45
dede4923-819c-4044-a676-cfff1d788d75,sunny.camera,available,21.99,75.99,high,low,5,name.com,,,12/08/2026 03:57
1a49f269-757f-4d1c-bc4f-73624ad41def,deadening.camera,available,21.99,75.99,medium,low,9,name.com,,,10/08/2026 19:57
7fe152f9-068e-4bb2-8eee-a3d0f79b5fb6,boyle.camera,available,21.99,75.99,high,low,5,name.com,,,25/09/2026 02:02
c9adb65a-4f34-4da0-8a01-f8f8cc5ddee4,hooter.camera,available,58.99,58.99,high,low,6,namesilo,,,21/09/2026 07:22
343a31d6-6da0-4006-8186-cd7416fb0277,kolkata.camera,available,46.78,46.78,medium,low,7,spaceship,,,01/10/2026 01:15
0833750a-ed3b-4226-9a70-5f35b24c2218,hunts.camera,available,46.78,46.78,medium,low,5,spaceship,,,01/10/2026 23:56
1757f094-1bd9-4baf-9c97-1e65d04dc6fe,turkmen.camera,available,61.98,72.98,medium,low,7,namecheap,,,11/09/2026 21:19
daf59bc3-9b6e-459e-97cf-3a41e3f3e993,bernice.camera,available,58.99,58.99,medium,low,7,namesilo,,,28/09/2026 21:58
524248af-9ec5-427a-afe7-3584242e2df5,underived.camera,available,58.99,58.99,medium,low,9,namesilo,,,12/09/2026 07:29
1e56191e-4cdb-4477-bddf-04ab30a34ff4,blog.camera,resell,,,high,medium,4,,,,29/09/2026 17:59
539623b2-2a10-4e8a-8f57-85484baecd1b,barramundi.camera,available,61.98,72.98,medium,low,10,namecheap,,,20/09/2026 14:04
dcae1dba-067b-4bb9-9e21-d3290daebc1b,yorktown.camera,available,58.99,58.99,medium,low,8,namesilo,,,28/09/2026 10:55
1c09d5c2-ecde-4107-afdd-cb4e33e4efc5,converted.camera,available,58.99,58.99,high,low,9,namesilo,,,23/09/2026 00:43
5bf49276-1962-4974-8d75-8aab88f4e980,manchurian.camera,available,21.99,75.99,medium,low,10,name.com,,,24/08/2026 14:34
67d5803c-9011-46e0-ae57-3e3919bbb0f7,shitty.camera,available,21.99,75.99,high,low,6,name.com,,,13/08/2026 05:14
d490e1a1-fa1e-47f6-aaec-d2989ebd126f,patronize.camera,available,21.99,75.99,medium,low,9,name.com,,,18/08/2026 15:08
edbd3331-03b6-42a3-bf49-e0fbd1456c4e,dentate.camera,available,21.99,75.99,medium,low,7,name.com,,,14/08/2026 01:57
e6b1a33f-5d44-4246-82aa-dad1397829d2,vilnius.camera,available,45.2,45.2,medium,low,7,cloudflare,,,28/09/2026 18:34
c9dc8e1e-d4f1-47ed-9d88-00250d4bc7f0,flair.camera,available,58.99,58.99,high,low,5,namesilo,,,30/09/2026 01:15
561722d7-bed0-4f60-9a2c-e686c5387249,mexicana.camera,available,46.78,46.78,high,low,8,spaceship,,,29/09/2026 09:18
0c3cdb1d-5d57-4e2d-815f-07f7647e8404,hurd.camera,available,46.78,46.78,medium,low,4,spaceship,,,28/09/2026 22:24
6a76ddf5-39e4-4700-94cd-e8b7e6c40430,warships.camera,available,46.78,46.78,medium,low,8,spaceship,,,01/10/2026 18:32
668fd8ce-76d8-47b2-860a-3a0465fe30c4,warren.camera,available,61.98,72.98,high,low,6,namecheap,,,29/09/2026 00:43
1d1280d7-2c61-4921-9061-4e565655d919,garments.camera,available,46.78,46.78,medium,low,8,spaceship,,,30/09/2026 23:02
4e53f4d7-6016-4368-8164-4eb3d8cfee6e,basset.camera,available,58.99,58.99,medium,low,6,namesilo,,,22/09/2026 12:10
223cb14e-90f8-4b97-ae0d-a1bf448b53b2,andover.camera,available,58.99,58.99,medium,low,7,namesilo,,,27/09/2026 18:38
84a1c240-36c3-4af8-aa02-4b6c3a2612dd,fatigued.camera,available,21.99,75.99,medium,low,8,name.com,,,14/08/2026 14:49
3f4002d0-b27b-488a-862b-bba948a854c7,suspicion.camera,available,58.99,58.99,high,low,9,namesilo,,,24/09/2026 23:14
4b122d88-9542-4d54-8495-7d49615e4d74,proved.camera,available,58.99,58.99,high,low,6,namesilo,,,27/09/2026 07:48
414af09f-00a4-4aaf-98dd-b56e3d3f4996,aberdeen.camera,available,58.99,58.99,high,low,8,namesilo,,,16/09/2026 15:10
928757b3-6e7d-4867-bba9-7898a5788eb1,buddhism.camera,available,58.99,58.99,high,low,8,namesilo,,,30/09/2026 00:55
c8e95224-e35a-4ce2-9801-8e9c34dec6fe,grateful.camera,available,21.99,75.99,high,low,8,name.com,,,20/08/2026 18:22
c33422e9-9b92-475f-bf33-fe174b4d45a1,contradiction.camera,available,58.99,58.99,medium,low,13,namesilo,,,29/09/2026 15:55
12533495-4472-4c46-a49d-f823625543ea,warty.camera,available,21.99,75.99,medium,low,5,name.com,,,13/09/2026 04:24
83483fd7-fd79-4761-aa08-a23dd44c5034,embrace.camera,available,45.2,45.2,high,low,7,cloudflare,,,29/09/2026 17:59
f412c505-ca5c-473d-8787-47f00cc110af,bethe.camera,available,61.98,72.98,medium,low,5,namecheap,,,23/09/2026 11:12
ab01b96c-8138-40e8-86ff-c7fa75b60e7b,coated.camera,available,21.99,75.99,medium,low,6,name.com,,,12/08/2026 14:14
eef12ed5-2e34-4922-89df-8b9a7fd11e2b,isn.camera,available,89.99,89.99,high,low,3,godaddy,,,30/09/2026 02:01
5a85e50c-5f17-42a9-8a13-ff5bcb45901c,aave.camera,available,58.99,58.99,medium,low,4,namesilo,,,16/09/2026 13:38
106787c9-b675-4d79-8660-b59df4bdf4e1,ferc.camera,available,58.99,58.99,medium,low,4,namesilo,,,01/10/2026 07:41
b0f64460-3f1c-4f3a-b3f0-004a91c5e925,felted.camera,available,21.99,75.99,medium,low,6,name.com,,,18/08/2026 01:00
0862e4c7-fbb9-44a7-b614-02495a45fea5,gabrielle.camera,available,46.78,46.78,medium,low,9,spaceship,,,28/09/2026 21:50
eb8f046f-a202-4bc3-befa-3ca39b31343a,amtrak.camera,available,45.2,45.2,medium,low,6,cloudflare,,,01/10/2026 06:54
d9303ea0-8a4d-4995-b487-01f04ef96779,ridley.camera,available,58.99,58.99,high,low,6,namesilo,,,30/09/2026 02:43
bb51584a-b3e1-4972-b9b6-842bea1b629e,aboard.camera,available,45.2,45.2,high,low,6,cloudflare,,,28/09/2026 11:33
de32cec8-d076-4ee1-8217-ed07fe35f7c9,discouraging.camera,available,58.99,58.99,medium,low,12,namesilo,,,01/10/2026 22:56
88086dc1-ea19-4d7b-8944-621ad914bcf6,quoting.camera,available,11.99,48.37,high,low,7,dynadot,,,29/09/2026 21:25
45d74a98-765f-4bbc-94db-42a03fccb177,calligraphy.camera,available,45.2,45.2,high,low,11,cloudflare,,,02/10/2026 11:27
199e4abf-9e6c-4fb2-be09-e332ac4f1929,prototype.camera,available,61.98,72.98,high,low,9,namecheap,,,28/09/2026 14:03
4f34c191-971d-416c-b74e-8f1cc60e7c43,stagecoach.camera,available,46.78,46.78,medium,low,10,spaceship,,,01/10/2026 03:54
f7e7c3b4-5111-4007-bd0a-1b5aec986f3a,organisation.camera,available,46.78,46.78,medium,low,12,spaceship,,,29/09/2026 04:49
7e3989d6-3a46-4b47-88a4-55d2e252cf30,chevy.camera,available,45.2,45.2,high,low,5,cloudflare,,,03/10/2026 01:11
f0c39c40-2675-49cc-a04e-c4d78002fe1a,reliably.camera,available,58.99,58.99,high,low,8,namesilo,,,14/09/2026 11:46
843c2c73-ef35-431a-8eb7-b9a598c90b1f,biological.camera,available,21.99,75.99,high,low,10,name.com,,,22/09/2026 20:55
15b9c73e-4e6d-439a-ad96-941fb589cbb8,cognitive.camera,available,21.99,75.99,high,low,9,name.com,,,12/08/2026 15:58
3ff12bec-03d0-4f6b-a36f-f959f9b9df14,travellers.camera,available,61.98,72.98,medium,low,10,namecheap,,,17/09/2026 22:15
a7c06e0e-6308-4ddc-8728-b105ad0dfdc8,gene.camera,available,58.99,58.99,high,low,4,namesilo,,,29/09/2026 09:24
c26b401d-d6f4-4b49-ac2b-a8b62a041f4d,hump.camera,available,58.99,58.99,medium,low,4,namesilo,,,24/09/2026 11:03
dc932bf9-8c5d-4aa4-8588-f2416fb2be9b,ambled.camera,available,61.98,72.98,medium,low,6,namecheap,,,20/09/2026 05:58
2befe553-368f-4693-a4d2-9a628ad5081d,rested.camera,available,58.99,58.99,high,low,6,namesilo,,,27/09/2026 12:50
f1c02a71-ee43-4843-bc5e-0947b849fb8d,solvable.camera,available,58.99,58.99,high,low,8,namesilo,,,27/09/2026 12:17
d8ea3c19-3b33-411d-a8b7-ee6687e81fc1,vagus.camera,available,58.99,58.99,medium,low,5,namesilo,,,08/09/2026 22:09
1cdc067e-1cb2-44c1-bdfe-e87ef1c151da,baedeker.camera,available,58.99,58.99,medium,low,8,namesilo,,,21/09/2026 17:22
1c4acc32-95bf-4175-a9a3-9891c3490338,enumerate.camera,available,58.99,58.99,medium,low,9,namesilo,,,03/09/2026 22:58
7d5ba2c8-9f53-485e-b6f8-2ed2cc8a83e8,hangdog.camera,available,21.99,75.99,medium,low,7,name.com,,,20/08/2026 23:41
a3145611-1e34-4bd4-ab3a-83c0b3a7867c,upcountry.camera,available,21.99,75.99,medium,low,9,name.com,,,24/08/2026 22:37
e5444a6e-9045-4752-9a6b-0cefd8383510,doubles.camera,available,46.78,46.78,high,low,7,spaceship,,,28/09/2026 18:58
dad86da1-e1fc-45ff-b612-9034925a0316,esteem.camera,available,46.78,46.78,high,low,6,spaceship,,,28/09/2026 18:46
7536902d-425c-4c0f-8dc7-4d6ca9dcdafb,nonchalant.camera,available,21.99,75.99,high,low,10,name.com,,,11/08/2026 20:36
af12f58a-1c06-4c49-a128-fbce2d7e2e6d,scorching.camera,available,58.99,58.99,high,low,9,namesilo,,,09/09/2026 23:31
68789ad9-64f4-49d4-9296-29c3cf02f1ae,thence.camera,available,58.99,58.99,medium,low,6,namesilo,,,15/09/2026 00:13
a248ea9d-bff4-4a8b-ba75-190f008c20d0,wassermann.camera,available,58.99,58.99,high,low,10,namesilo,,,21/09/2026 03:49
a1206f90-1386-4269-9ee5-65ded7bd5de2,glib.camera,available,21.99,75.99,medium,low,4,name.com,,,20/08/2026 14:26
f8c2f69d-eb02-4fb1-a7d1-3eeee84fe3ad,pacemaker.camera,available,61.98,72.98,high,low,9,namecheap,,,20/09/2026 11:42
1affa2f9-cffe-462f-9fbc-bd2b326622cf,bds.camera,available,45.2,45.2,high,low,3,cloudflare,,,30/09/2026 05:27
032b5571-4a5e-476c-9435-e7f896b52ddc,gays.camera,available,58.99,58.99,high,low,4,namesilo,,,02/10/2026 08:04
d6cb28c8-2aac-4b4f-a3c4-faeb869fc3d0,commix.camera,available,21.99,75.99,medium,low,6,name.com,,,
4faf4fd8-bcdb-45c2-9e94-ac02b62bf7f0,plotting.camera,available,11.99,48.37,medium,low,8,dynadot,,,29/09/2026 05:11
9ba8f27b-8831-49a2-8890-180edcba7165,adapted.camera,available,58.99,58.99,high,low,7,namesilo,,,21/09/2026 17:02
3e494197-974a-49ba-9d82-fbcc7ed76fa3,dyslexic.camera,available,21.99,75.99,medium,low,8,name.com,,,14/08/2026 22:03
1f2890db-3cc8-4a76-95dc-03d392c3074a,statues.camera,available,11.99,48.37,high,low,7,dynadot,,,29/09/2026 10:39
a1e500f5-40ac-4429-bee7-7c1006c8cee9,impressions.camera,available,46.78,46.78,medium,low,11,spaceship,,,28/09/2026 23:21
5ae05655-1ba4-4f25-a45b-e3097563c5d0,queenly.camera,available,58.99,58.99,medium,low,7,namesilo,,,09/09/2026 07:52
a1715688-a57c-4336-aece-2676e5409349,journalist.camera,available,46.78,46.78,high,low,10,spaceship,,,27/09/2026 12:59
d5cee68f-d2b5-4d6a-b781-2f64b970bf2c,hammy.camera,available,21.99,75.99,medium,low,5,name.com,,,20/08/2026 23:05
0b61bffc-d4ef-4307-a709-ee89d145312e,burning.camera,available,58.99,58.99,high,low,7,namesilo,,,23/09/2026 11:45
e12a2316-f30b-48b3-97bf-e04ff6f8ea30,shrewsbury.camera,available,11.84,46.86,medium,low,10,porkbun,,,27/09/2026 19:32
02bf66fb-0fe5-496a-9700-d6d7b97f19d9,sequential.camera,available,58.99,58.99,high,low,10,namesilo,,,10/09/2026 04:27
d412780c-8b22-42fa-882a-4c84f6065c18,decision.camera,available,58.99,58.99,high,low,8,namesilo,,,24/09/2026 17:06
f58731fa-c765-47e9-a9e3-9dde23ef11af,mohawk.camera,available,61.98,72.98,high,low,6,namecheap,,,02/10/2026 05:47
02c262e9-dac9-4b71-9e8b-42e80e63cfeb,chimpanzee.camera,available,58.99,58.99,high,low,10,namesilo,,,24/09/2026 14:39
eca3c43c-0cf1-4e44-95d1-0615abe1ff63,agrigento.camera,available,58.99,58.99,medium,low,9,namesilo,,,17/09/2026 02:44
901d58d3-ad93-43b3-821d-e87ac29dfb9a,tortrix.camera,available,58.99,58.99,medium,low,7,namesilo,,,20/09/2026 05:04
c73c1e45-80a3-4576-bad6-4dd1934663e6,pornography.camera,available,61.98,72.98,medium,low,11,namecheap,,,28/09/2026 12:37
182f17c3-af66-439f-8e6a-e39c081adb5e,philosophy.camera,available,46.78,46.78,high,low,10,spaceship,,,27/09/2026 13:03
9efb0d36-b744-454e-b38b-8f1be6ee07cd,corfu.camera,available,46.78,46.78,high,low,5,spaceship,,,30/09/2026 04:34
eecc5144-46ff-4d3e-a211-29e709dc2621,adolph.camera,available,45.2,45.2,medium,low,6,cloudflare,,,01/10/2026 16:28
42e28e15-7520-4d1c-b112-1e29b92da660,dealt.camera,available,58.99,58.99,medium,low,5,namesilo,,,28/09/2026 08:17
a5d1f9bd-a52c-4490-8e7a-ef3241addd81,retreat.camera,available,58.99,58.99,high,low,7,namesilo,,,29/09/2026 11:58
dd6f4aa8-b5bc-46c8-95df-98842362b7fd,starlight.camera,available,46.78,46.78,high,medium,9,spaceship,,,30/09/2026 18:51
edc10074-8dd5-4be8-a232-5ce8fa753722,strip.camera,available,58.99,58.99,high,low,5,namesilo,,,24/09/2026 05:53
9ea25380-4f20-4949-a9f1-d087a757e7a4,hearings.camera,available,46.78,46.78,medium,low,8,spaceship,,,29/09/2026 23:58
dd7c4f72-1d51-4f72-ad48-66fa564c0aff,standon.camera,available,58.99,58.99,medium,low,8,namesilo,,,03/10/2026 02:01
70c399ed-1d27-4b0b-9415-a995cab45e4c,endocrine.camera,available,21.99,75.99,medium,low,9,name.com,,,17/08/2026 01:00
ee7e730d-af21-4bd7-a4b0-b731b6c40504,lxvii.camera,available,21.99,75.99,medium,low,5,name.com,,,
b6577fe2-07f7-4dd0-9d71-360b1a9e0aa6,belted.camera,available,21.99,75.99,medium,low,6,name.com,,,09/08/2026 14:02
e346c498-f197-49b4-8cb8-e596e73fd03b,juarez.camera,available,11.84,46.86,medium,low,6,porkbun,,,29/09/2026 18:22
dce8abd4-b4c6-4015-a43d-2993de166109,blooms.camera,available,61.98,72.98,medium,low,6,namecheap,,,02/10/2026 03:32
8f752c96-a975-414f-b3e5-2c14dc16e474,exceptional.camera,available,11.99,48.37,high,low,11,dynadot,,,28/09/2026 11:15
2d6a0467-7592-4fa8-a1db-3a39f9fd0263,headquarters.camera,available,58.99,58.99,high,low,12,namesilo,,,27/09/2026 02:02
739a51a1-371c-4d7d-b549-17fb5f402f1b,pandora.camera,available,58.99,58.99,high,medium,7,namesilo,,,30/09/2026 06:23
a774bb78-5b9a-4416-9fde-919a09955a26,depository.camera,available,58.99,58.99,high,low,10,namesilo,,,24/09/2026 21:58
38b0c0b9-c1fd-4c19-8dfc-aba899b9e7da,galois.camera,available,46.78,46.78,medium,low,6,spaceship,,,02/10/2026 04:45
abb05238-9258-43ab-89c3-13f93ebc68dc,drown.camera,available,58.99,58.99,medium,low,5,namesilo,,,30/09/2026 18:50
936cbbb9-16e6-4e65-b39c-e5acd41d86ad,goodness.camera,available,89.99,89.99,high,low,8,godaddy,,,28/09/2026 02:02
59948246-ad23-4756-a253-224ce5b441f9,nutrify.camera,available,58.99,58.99,medium,low,7,namesilo,,,18/09/2026 07:57
3af076c4-a994-4f5e-aa6d-82bfa25890cf,batiste.camera,available,58.99,58.99,medium,low,7,namesilo,,,22/09/2026 14:05
4f3a9800-3007-4da6-b166-ec74a98bdb77,hubei.camera,available,46.78,46.78,medium,low,5,spaceship,,,30/09/2026 13:23
0445dc3b-ff72-4254-9b33-56d94e7c8dec,trauma.camera,available,58.99,58.99,high,low,6,namesilo,,,25/09/2026 07:04
0c1dbeae-c8f1-4809-8c12-652e79d2bf82,barkley.camera,available,61.98,72.98,high,low,7,namecheap,,,18/09/2026 02:32
a10c7dd1-a0ce-4104-9f1d-4825dd860b9e,rhodesian.camera,available,21.99,75.99,high,low,9,name.com,,,09/09/2026 16:41
dce86e4d-3a13-4421-a2d2-4c0f3993bc84,dawdling.camera,available,21.99,75.99,medium,low,8,name.com,,,11/09/2026 19:40
f579ae71-36c5-475c-94ad-a55f4b774546,termite.camera,available,58.99,58.99,medium,low,7,namesilo,,,03/10/2026 02:13
a94609d7-832a-44d1-8da9-2364d729def7,disturb.camera,available,58.99,58.99,high,low,7,namesilo,,,30/09/2026 14:01
a32dec47-176f-4953-8884-8a10b930d47c,hawaiian.camera,available,21.99,75.99,high,low,8,name.com,,,21/08/2026 01:36
30b5943a-d673-415d-a071-8396f56b4ffe,kookie.camera,available,21.99,75.99,medium,low,6,name.com,,,06/08/2026 21:09
a58ec080-7660-4240-92e9-d35793b4b6bd,carnot.camera,available,11.99,48.37,medium,low,6,dynadot,,,02/10/2026 04:17
220abfeb-f05f-4938-bbdb-a64ef98435ad,kurrat.camera,available,58.99,58.99,medium,low,6,namesilo,,,18/09/2026 11:14
a6931b4d-3055-4bde-b981-39b9c756e395,cana.camera,available,58.99,58.99,high,low,4,namesilo,,,01/10/2026 23:47
df7e87c8-fb1c-4f84-8f1b-48b048607831,ensure.camera,available,58.99,58.99,high,low,6,namesilo,,,30/09/2026 15:26
f7cfd092-0a52-4c36-9902-d2ca8535a948,unborn.camera,available,58.99,58.99,high,low,6,namesilo,,,12/09/2026 02:23
ad199c5a-860a-4893-b486-9cf5143fdaec,dennison.camera,available,46.78,46.78,medium,low,8,spaceship,,,30/09/2026 05:23
1724de8e-f069-4c15-b43a-ddee2ee550d9,unmapped.camera,available,21.99,75.99,medium,low,8,name.com,,,12/08/2026 02:55
4b820209-f6df-41eb-853e-34ae86409b22,obscene.camera,available,21.99,75.99,high,low,7,name.com,,,
6eba8a25-6d67-461d-89cb-c02edef93252,relocate.camera,available,58.99,58.99,high,low,8,namesilo,,,29/09/2026 02:47
bc7cd13f-6380-4b71-b110-982436f246e6,belfry.camera,available,58.99,58.99,medium,low,6,namesilo,,,23/09/2026 04:56
df0e0ee2-d65c-4d7e-9c1a-1cb26c076c96,treatment.camera,available,46.78,46.78,high,low,9,spaceship,,,02/10/2026 12:28
8aebcfe1-9bda-4e00-ab34-dd01e5e3e59d,rahul.camera,available,46.78,46.78,high,low,5,spaceship,,,03/10/2026 03:54
406009ed-4db3-4512-bd8c-66c4d5fc2e3b,utes.camera,available,58.99,58.99,medium,low,4,namesilo,,,30/09/2026 07:10
2635f560-98d7-4940-84e1-67d30d72892e,allsorts.camera,available,61.98,72.98,low,low,9,namecheap,,,16/09/2026 05:53
b787b4d6-110b-4361-802f-1a214e142b08,uncurbed.camera,available,58.99,58.99,medium,low,8,namesilo,,,12/09/2026 04:34
34393ffe-1bb5-4b61-9178-3ca1b500088b,tapped.camera,available,58.99,58.99,high,low,6,namesilo,,,11/09/2026 08:19
2d25ba89-85bf-4bde-a443-6190827585fb,vinton.camera,available,46.78,46.78,medium,low,6,spaceship,,,30/09/2026 21:54
3a70b16a-30ac-4351-b47b-2e9a65252054,openings.camera,available,61.98,72.98,medium,low,8,namecheap,,,20/09/2026 17:50
245f55dc-3e08-40ee-88f4-0c6b074cb677,broadsheet.camera,available,21.99,75.99,high,low,10,name.com,,,11/08/2026 05:08
156d6ffe-41dc-41f9-a9af-7c9e5e12a9cd,resort.camera,available,11.99,48.37,high,low,6,dynadot,,,29/09/2026 22:04
a8a78a2c-de53-4f00-b7ec-24d75192ed3b,rafts.camera,available,58.99,58.99,high,low,5,namesilo,,,14/09/2026 23:26
14c1f863-352a-448c-86ba-04eaa9a0ba73,dumas.camera,available,58.99,58.99,medium,low,5,namesilo,,,18/09/2026 05:57
8c622189-edd8-440b-af0d-994751e343e2,blister.camera,available,61.98,72.98,medium,low,7,namecheap,,,02/10/2026 01:57
0a281949-e343-4dcd-bb62-625f7963f073,veer.camera,available,46.78,46.78,high,low,4,spaceship,,,27/09/2026 21:02
82567770-710b-4eb3-ab4f-ba05157b087a,divides.camera,available,61.98,72.98,medium,low,7,namecheap,,,01/10/2026 17:42
56af20db-d98d-46fa-abe0-c2f775cf6c06,adrienne.camera,available,58.99,58.99,medium,low,8,namesilo,,,29/09/2026 09:35
099eb65f-3846-4a32-b13e-371fb95e9969,broody.camera,available,21.99,75.99,medium,low,6,name.com,,,11/08/2026 05:54
fca550c9-8097-40c2-b061-f1276ea50aba,harijan.camera,available,58.99,58.99,medium,low,7,namesilo,,,12/09/2026 21:38
6db4d1e5-f9bd-439d-8cf7-df7fe30f21a6,mtv.camera,available,46.78,46.78,high,low,3,spaceship,,,28/09/2026 03:45
0b295de3-1bc0-481c-affb-4be584ecddb3,browser.camera,available,58.99,58.99,high,low,7,namesilo,,,29/09/2026 04:41
7b569c3f-f14c-4e5c-8ea7-2245eed838f0,occurred.camera,available,58.99,58.99,medium,low,8,namesilo,,,18/09/2026 13:50
51309428-cfd0-4268-b884-0424ad9c3353,tasman.camera,available,61.98,72.98,medium,low,6,namecheap,,,16/09/2026 14:58
ccb54e7e-9f1f-4bf7-9ad7-9f73b145bd41,intoxicated.camera,available,11.84,46.86,medium,low,11,porkbun,,,30/09/2026 03:42
d0e0e4cb-6f9b-41f5-9525-d6972ead58b0,somerville.camera,available,58.99,58.99,medium,low,10,namesilo,,,27/09/2026 01:44
b19d2d48-f7e9-4a68-8098-1b9caea9090f,shooter.camera,available,61.98,72.98,high,low,7,namecheap,,,24/09/2026 19:04
c25f20f9-feaf-4fa5-a68b-059b47e81c1a,juries.camera,available,58.99,58.99,low,low,6,namesilo,,,30/09/2026 07:25
7d80df62-5907-4c9d-b776-b2dfe9ff6c37,chapter.camera,available,58.99,58.99,high,low,7,namesilo,,,24/09/2026 13:43
e4ae0b18-c512-4bea-868e-cc93a914d574,stunning.camera,available,58.99,58.99,high,low,8,namesilo,,,22/09/2026 08:34
91f7bd12-99ee-4677-b3c6-3838f3ebf354,mayes.camera,available,58.99,58.99,medium,low,5,namesilo,,,02/10/2026 10:30
cf21a931-e3cf-4d8e-8a9b-6e9dcc184841,hmo.camera,available,61.98,72.98,high,low,3,namecheap,,,02/10/2026 15:40
b9760264-83b6-44ec-9255-9f1c11a7dd17,gases.camera,available,46.78,46.78,medium,low,5,spaceship,,,30/09/2026 23:26
a84ef505-70df-4739-ab75-b22e29a46a60,belau.camera,available,58.99,58.99,medium,low,5,namesilo,,,23/09/2026 04:30
b26128f6-fef7-4ce6-88f7-41cdc47f4315,nauseous.camera,available,21.99,75.99,medium,low,8,name.com,,,24/08/2026 08:24
e35176e0-d839-4b75-b320-8b8a82845758,baseball.camera,available,11.99,48.37,high,low,8,dynadot,,,02/10/2026 01:29
f4eed348-4ecf-4b2b-b4d1-771f31b524c1,pow.camera,available,45.2,45.2,medium,low,3,cloudflare,,,29/09/2026 01:52
d49b32d8-e683-417d-8e9e-2be583b7f7ab,rubbers.camera,available,46.78,46.78,high,low,7,spaceship,,,02/10/2026 22:44
2829f33a-e4ba-4fad-80ab-28b25f81934d,jillion.camera,available,61.98,72.98,medium,low,7,namecheap,,,11/09/2026 19:52
30249634-1336-4b54-b57f-ccaaf6b5bf56,fruitful.camera,available,21.99,75.99,high,low,8,name.com,,,18/08/2026 17:02
6a1d6534-27c8-4ef8-bbc8-337fc6fbd677,output.camera,available,58.99,58.99,high,low,6,namesilo,,,29/09/2026 06:46
baf36e79-6a36-4e52-bc54-fef21b9262f4,elihu.camera,available,46.78,46.78,medium,low,5,spaceship,,,01/10/2026 07:45
1380e097-4f84-45cd-ab99-dd53d9543eaa,linear.camera,available,21.99,75.99,high,low,6,name.com,,,
15547f51-b0bb-4917-805a-b5e66e8f34da,authority.camera,available,58.99,58.99,high,low,9,namesilo,,,17/09/2026 17:02
b5b915a1-e588-4140-9825-e907469ae4ca,isu.camera,available,46.78,46.78,high,low,3,spaceship,,,29/09/2026 21:42
2467ebfc-ad6c-40ce-832f-4388dbd63d65,retinal.camera,available,58.99,58.99,high,low,7,namesilo,,,09/09/2026 15:37
8f6d044d-a502-4314-b9d3-afe6c1bd39c2,voc.camera,available,45.2,45.2,high,low,3,cloudflare,,,02/10/2026 18:20
8886e1df-ba2e-4d50-a34d-0b5bba724297,recalls.camera,available,45.2,45.2,medium,low,7,cloudflare,,,02/10/2026 03:40
87f44c5f-5e51-4f66-ab17-882c38d20ae2,lucius.camera,available,58.99,58.99,high,low,6,namesilo,,,25/09/2026 15:11
800d3751-867e-4f4a-8e10-bb598832dc90,dolphins.camera,available,46.78,46.78,medium,low,8,spaceship,,,28/09/2026 18:14
698cd258-1241-46b9-837e-2c2c38520696,roger.camera,available,46.78,46.78,high,low,5,spaceship,,,01/10/2026 01:50
d42e7dfd-bbf8-4a17-8efe-24a3cf43c0b3,spontaneously.camera,available,58.99,58.99,medium,low,13,namesilo,,,30/09/2026 11:58
61ef431f-c8d5-4ee8-b810-e4de40924e53,flatulent.camera,available,21.99,75.99,medium,low,9,name.com,,,12/08/2026 16:34
0cc1caa6-9603-4186-868d-c7d038c78c52,salt.camera,available,46.78,46.78,high,medium,4,spaceship,,,27/09/2026 17:50
8bb85a31-9823-427e-b2c7-c6070bc3d763,limitations.camera,available,11.84,46.86,medium,low,11,porkbun,,,29/09/2026 10:21
aa9dde7c-7dbe-4321-9be0-e29b4f197004,cns.camera,available,46.78,46.78,medium,low,3,spaceship,,,28/09/2026 09:21
875fa0cd-b825-4c6a-af66-7fdd17166de3,circuitous.camera,available,21.99,75.99,medium,low,10,name.com,,,12/08/2026 08:18
1bbaad5e-34a6-46df-b584-20d822f02671,abdias.camera,available,61.98,72.98,medium,low,6,namecheap,,,16/09/2026 14:41
01390ac1-6099-4a74-8684-3d03369a78f5,mindy.camera,available,61.98,72.98,medium,low,5,namecheap,,,01/10/2026 23:57
afa29346-a036-4cb1-b2c3-845eadfbc40b,wwf.camera,available,46.78,46.78,high,low,3,spaceship,,,29/09/2026 15:10
6dc008b1-8eac-488f-b031-3195aa248036,counterfeit.camera,available,58.99,58.99,high,low,11,namesilo,,,29/09/2026 08:25
806fc458-08fe-415e-b977-df2b4751048a,ttc.camera,available,61.98,72.98,high,low,3,namecheap,,,02/10/2026 09:05
ec102ce7-f65d-4ba5-8e8b-468cfaa36856,throwback.camera,available,58.99,58.99,high,low,9,namesilo,,,11/09/2026 15:00
b01fd063-73cc-41ee-9118-86a8173c33fd,welles.camera,available,21.99,75.99,high,low,6,name.com,,,27/09/2026 04:13
22ce0fc6-bbd6-4e6d-a0e5-b307c74efae8,karnataka.camera,available,11.84,46.86,high,low,9,porkbun,,,29/09/2026 19:27
c42c7781-cb94-49ad-9191-9b363336622f,opalescent.camera,available,58.99,58.99,medium,low,10,namesilo,,,04/09/2026 15:43
9813bb7b-8d45-4fc1-b8b6-9f84a5262020,adorno.camera,available,45.2,45.2,medium,low,6,cloudflare,,,01/10/2026 06:08
e0a797ca-db67-4c05-8379-f76a966b4fcf,webster.camera,available,45.2,45.2,high,low,7,cloudflare,,,28/09/2026 01:45
b8917a7e-1d3d-435a-b42c-721c8f82958e,marble.camera,available,45.2,45.2,high,low,6,cloudflare,,,30/09/2026 03:53
d6f5d6f2-450c-482d-bdf4-5a59bf3fce1d,shelters.camera,available,58.99,58.99,medium,low,8,namesilo,,,20/09/2026 23:17
a2b09a31-81bd-485e-a0a5-dbb34b42adde,sire.camera,available,46.78,46.78,high,low,4,spaceship,,,28/09/2026 14:08
c933d886-f2b9-4643-b448-a9bd8f0a5cf5,tillers.camera,available,58.99,58.99,medium,low,7,namesilo,,,20/09/2026 14:06
32754634-71b5-4cce-bd75-1dc03bf207ff,chronology.camera,available,11.99,48.37,high,low,10,dynadot,,,02/10/2026 14:38
43a198f4-fa76-4bb0-b00b-e34f04e505d1,eloise.camera,available,58.99,58.99,high,low,6,namesilo,,,01/10/2026 08:50
8635504d-6559-42ae-8d3b-be8f7e3ead57,windsock.camera,available,61.98,72.98,medium,low,8,namecheap,,,17/09/2026 21:40
9d945481-41a4-4427-9fa8-ca55b8f6e647,bendable.camera,available,21.99,75.99,medium,low,8,name.com,,,09/08/2026 14:07
624e0836-137f-4fa1-b296-b3233928fe54,conform.camera,available,45.2,45.2,high,low,7,cloudflare,,,30/09/2026 17:47
ceef4df7-6dba-4b59-a3f1-b6d95d421b96,mercator.camera,available,11.99,48.37,high,low,8,dynadot,,,02/10/2026 15:30
2eb20465-b5d8-40c8-a13d-64b655e3f303,miner.camera,available,45.2,45.2,high,low,5,cloudflare,,,29/09/2026 19:40
26dea33a-4eb5-47a3-a9a6-c10e53ba87c6,horseshoe.camera,available,45.2,45.2,high,low,9,cloudflare,,,29/09/2026 19:10
097aeb86-a1bb-44be-ae97-152e0fe41f8e,futurist.camera,available,21.99,75.99,high,low,8,name.com,,,18/08/2026 19:19
9423f838-69a9-4146-a6a2-e30e3d9bab8c,manipur.camera,available,11.84,46.86,medium,low,7,porkbun,,,02/10/2026 05:43
bc4cab6a-140a-491f-bd55-4cbc5ae3a3c4,eloquent.camera,available,21.99,75.99,high,low,8,name.com,,,16/08/2026 06:14
a6cbf3d7-0167-4d71-bdc8-ac42fe402dc1,propose.camera,available,61.98,72.98,high,low,7,namecheap,,,30/09/2026 08:54
8b0041b7-4859-4f02-9419-90d8a318e311,barns.camera,available,58.99,58.99,medium,low,5,namesilo,,,20/09/2026 22:46
87d178f3-7272-4f71-849d-3c111b52d1e6,higgs.camera,available,11.84,46.86,high,low,5,porkbun,,,29/09/2026 14:20
9fd520f0-0933-43df-a895-f8372a39f906,set.camera,available,45.2,45.2,high,low,3,cloudflare,,,02/10/2026 12:23
8491f1e3-8bc7-4c68-a094-fd893973d0aa,fitzhugh.camera,available,58.99,58.99,medium,low,8,namesilo,,,01/10/2026 10:31
aef5db37-ad3d-44b9-be0a-6c3d1d2066a1,stood.camera,available,21.99,,medium,low,5,name.com,,,
0f258f4d-b173-4702-9005-4c376fb0c06d,aureole.camera,available,58.99,58.99,high,low,7,namesilo,,,21/09/2026 04:18
ed20d2b6-eb07-4b08-bb05-672a6b4f305f,harmon.camera,available,58.99,58.99,high,low,6,namesilo,,,27/09/2026 07:57
e58ae518-9061-4862-af76-e4a047a003a1,stacy.camera,available,58.99,58.99,high,low,5,namesilo,,,28/09/2026 07:44
a5be624b-b7e8-47e2-99bd-40dd688637d9,booker.camera,available,58.99,58.99,high,low,6,namesilo,,,30/09/2026 00:51
aa09a8bd-082f-46c5-b12a-8697502b0d66,masterless.camera,available,21.99,75.99,medium,low,10,name.com,,,24/08/2026 09:55
d633c4ef-01a7-4cb7-b7ef-abc1729ff6a1,prissily.camera,available,61.98,72.98,low,low,8,namecheap,,,15/09/2026 21:29
04f0f2cd-8347-42d5-a6dd-306a52595f4a,satiny.camera,available,58.99,58.99,medium,low,6,namesilo,,,09/09/2026 21:41
0c3ee3e0-c87e-49fb-9467-7144b1b5441e,dre.camera,available,11.99,48.37,high,low,3,dynadot,,,29/09/2026 21:06
1ebbb649-cea6-4c66-8a8f-a42a2352a0be,airman.camera,available,58.99,58.99,high,low,6,namesilo,,,17/09/2026 13:10
f04d85aa-a1bd-4bd6-a91f-dcccd6edaa92,neo.camera,available,58.99,58.99,high,medium,3,namesilo,,,03/09/2026 15:19
76bde65a-6550-4160-83f7-aa31a0fc017e,quake.camera,available,46.78,46.78,high,low,5,spaceship,,,29/09/2026 18:44
f3e7965b-6a96-4ddf-85f8-62b1cd1d8d85,waiver.camera,available,58.99,58.99,high,low,6,namesilo,,,01/10/2026 04:07
e91806da-0209-4e2f-b5b7-2b5b35c8af0e,tully.camera,available,11.99,48.37,medium,low,5,dynadot,,,28/09/2026 19:49
4c769308-6097-43ba-b94a-9379aad92eee,ametria.camera,available,61.98,72.98,medium,low,7,namecheap,,,18/09/2026 21:07
32374b39-e071-4f74-bc59-984a40e66da4,dlc.camera,available,11.99,48.37,high,low,3,dynadot,,,28/09/2026 12:11
b4494165-3818-43e1-a8ae-76666076f4ea,formalise.camera,available,46.78,46.78,high,low,9,spaceship,,,30/09/2026 19:59
8f6c055c-b4a7-4bfb-beb4-9b0ea32b9e9a,frictional.camera,available,21.99,75.99,medium,low,10,name.com,,,18/08/2026 15:28
9f5c9f5b-f8ca-4bd0-960a-6b57bbafd5fd,orad.camera,available,61.98,72.98,medium,low,4,namecheap,,,15/09/2026 18:09
d0f7a34e-7814-4eec-b63e-9fa460ff3c9f,flawless.camera,available,21.99,75.99,high,low,8,name.com,,,18/08/2026 07:19
5bdcdbaf-e604-41ed-a350-f12fd9e7bf62,ruddy.camera,available,21.99,75.99,high,low,5,name.com,,,10/08/2026 14:59
b845142e-a00a-4c09-9c8f-4ea4a8310740,apprentice.camera,available,58.99,58.99,high,low,10,namesilo,,,19/09/2026 22:15
464a0edb-d7a1-42f7-81d9-80fe034c6e7a,inventing.camera,available,11.99,48.37,medium,low,9,dynadot,,,02/10/2026 02:11
2bcce363-5ab1-48a9-b7f3-e7cf9c9bdbb0,tutorial.camera,available,61.98,72.98,high,low,8,namecheap,,,11/09/2026 21:31
75af1ba8-9a86-4c39-a613-08779521f97b,metz.camera,available,58.99,58.99,high,low,4,namesilo,,,27/09/2026 07:39
c45a862f-48ff-4ab5-8de6-6fc4e003bc33,plunge.camera,available,61.98,72.98,high,low,6,namecheap,,,10/09/2026 19:52
fd3737b1-0bcb-4f5f-810e-2857b9478314,articled.camera,available,21.99,75.99,medium,low,8,name.com,,,06/08/2026 08:28
ebdca7da-c88e-40b2-843c-3f70201ff693,candidacy.camera,available,46.78,46.78,high,low,9,spaceship,,,29/09/2026 06:17
2bb372f9-fd50-4246-8e54-24d99ba33fe2,aligned.camera,available,21.99,75.99,high,low,7,name.com,,,
5834e164-da65-4f80-ae2a-289c533ba619,scramble.camera,available,58.99,58.99,high,low,8,namesilo,,,24/09/2026 15:13
a9d78af4-594b-4aa5-9644-cf396d327f0b,soccer.camera,available,58.99,58.99,high,low,6,namesilo,,,28/09/2026 22:49
099b2219-b807-4af0-8b19-9c4ff118f8e6,hubert.camera,available,58.99,58.99,medium,low,6,namesilo,,,25/09/2026 16:58
ddc69154-69e0-4e29-937a-8f12df4d8759,meditative.camera,available,21.99,75.99,high,low,10,name.com,,,11/08/2026 05:56
c8db0cc2-59e3-486a-819d-6c5730dbc8bd,meant.camera,available,58.99,58.99,medium,low,5,namesilo,,,25/09/2026 16:51
a94c7194-91b3-4c27-8760-c82e194758d3,centric.camera,available,21.99,75.99,high,low,7,name.com,,,12/08/2026 00:07
2427e377-f201-471c-962a-93d114c6b8e4,cabot.camera,available,58.99,58.99,medium,low,5,namesilo,,,30/09/2026 08:53
1cd77d61-ba28-4ba8-a280-2d1d004fb61e,cpr.camera,available,58.99,58.99,high,low,3,namesilo,,,24/09/2026 12:51
d4128e48-f04f-4b59-8c1f-c2c4aed3a0f8,absolute.camera,available,58.99,58.99,high,low,8,namesilo,,,21/09/2026 14:42
b1ea0a28-a405-4bb9-970a-aa8ee1a9afb4,turgot.camera,available,58.99,58.99,medium,low,6,namesilo,,,19/09/2026 10:21
3d7dc5ea-f0df-487d-9147-7369cb2b3786,outlet.camera,available,61.98,72.98,high,low,6,namecheap,,,29/09/2026 17:56
421dacf0-2b82-44db-90c6-f66c231a80b5,coffeecake.camera,available,21.99,,high,low,11,name.com,,,
c454c028-6a9a-4043-bb9d-78902b4371f8,lhasa.camera,available,58.99,58.99,high,low,5,namesilo,,,24/09/2026 12:27
15b58916-62fa-4c96-81b8-6e7e9ca8e6fc,appeals.camera,available,45.2,45.2,low,low,7,cloudflare,,,28/09/2026 23:39
2c7ab84d-c6b6-488c-990a-fe7b2410b6ba,fond.camera,available,58.99,58.99,high,low,4,namesilo,,,21/09/2026 21:45
e9a18c9e-d4f8-4f89-b9ed-326188583da1,reference.camera,available,46.78,46.78,high,low,9,spaceship,,,28/09/2026 18:25
7aa6a0ae-0508-4a9b-9e50-2658d1acb0eb,showered.camera,available,58.99,58.99,medium,low,8,namesilo,,,20/09/2026 16:51
52a2ae01-2df1-4165-ae1c-a35d58b0cb08,sensible.camera,available,58.99,58.99,high,low,8,namesilo,,,09/09/2026 11:07
d666fc7f-3e3e-4efb-b06c-8dfbcff890ec,advocating.camera,available,46.78,46.78,medium,low,10,spaceship,,,02/10/2026 21:40
2bbc27b9-bad8-48ef-9f5e-721cd87841af,bitterness.camera,available,58.99,58.99,medium,low,10,namesilo,,,17/09/2026 03:08
6b7a2435-dcd9-4242-9b2f-4a1389d454a1,luka.camera,available,46.78,46.78,high,low,4,spaceship,,,30/09/2026 13:02
4eaa5ebc-9b92-409b-b46c-799ad6850124,sulky.camera,available,21.99,75.99,medium,low,5,name.com,,,20/08/2026 14:46
1d904052-09ab-4ac2-9b16-fcd89d411c06,ruben.camera,available,45.2,45.2,high,low,5,cloudflare,,,29/09/2026 00:07
3f9220ff-58f5-434e-9277-b8819a1b89ff,newcomers.camera,available,58.99,58.99,medium,low,9,namesilo,,,02/10/2026 03:04
d4b6bed3-5eda-4063-a0fd-964c9083cb0f,blackfriars.camera,available,46.78,46.78,medium,low,11,spaceship,,,03/10/2026 03:14
9fb34faa-9ce2-4f4e-8f03-b4db6274245a,instal.camera,available,46.78,46.78,high,low,6,spaceship,,,30/09/2026 20:23
a03fb387-6bd1-48b5-9aac-b31bacd1de46,sunstruck.camera,available,58.99,58.99,medium,low,9,namesilo,,,11/09/2026 02:01
be5b1a95-5441-4d20-8416-02669a8352eb,drumming.camera,available,89.99,89.99,high,low,8,godaddy,,,30/09/2026 01:23
0bb282b9-9c01-476f-99de-f765d34c6030,strabo.camera,available,11.84,46.86,medium,low,6,porkbun,,,29/09/2026 15:36
68ca263d-9374-49bc-9e86-6d125ecafc02,shoebird.camera,available,61.98,72.98,medium,low,8,namecheap,,,21/09/2026 20:37
a2196a9f-cf54-4773-8362-572626f51ec2,innocence.camera,available,46.78,46.78,high,low,9,spaceship,,,28/09/2026 22:20
858d8694-e7e4-479a-8477-ff18003b9537,coffeemakers.camera,available,58.99,58.99,medium,low,12,namesilo,,,21/09/2026 01:27
1b4af53e-9abc-4e92-97ed-698ff4f527df,interviewer.camera,available,45.2,45.2,high,low,11,cloudflare,,,30/09/2026 19:57
d2145b97-1c90-4574-a868-165211614102,fab.camera,available,21.99,75.99,high,low,3,name.com,,,17/08/2026 20:08
a3d4abfa-555c-42b4-b071-aafbbe608744,bangtail.camera,available,61.98,72.98,medium,low,8,namecheap,,,22/09/2026 02:02
604d6023-654e-496b-835e-d4ab3a32a818,animalism.camera,available,58.99,58.99,medium,low,9,namesilo,,,19/09/2026 08:55
dc0fb37e-f9ce-457b-a00c-3edd23c7b63c,ungroomed.camera,available,58.99,58.99,low,low,9,namesilo,,,12/09/2026 11:34
854e102f-9e53-4d96-b760-8cc7705373f0,manipulating.camera,available,58.99,58.99,medium,low,12,namesilo,,,30/09/2026 14:55
b16bdaa2-6cbb-4643-abd1-5bae7dcbefb4,latino.camera,available,21.99,75.99,high,low,6,name.com,,,21/08/2026 09:46
6adfd5e8-4a3c-4e6b-b89f-c4f7c2d6eef5,directional.camera,available,58.99,58.99,high,low,11,namesilo,,,30/09/2026 11:53
84e53d9a-44d5-4920-b30b-38e16cd92b93,mete.camera,available,21.99,75.99,high,low,4,name.com,,,10/08/2026 19:54
8f0cd38d-f32f-4c39-9cd2-dcf38f0431cb,butterball.camera,available,21.99,75.99,medium,low,10,name.com,,,17/08/2026 23:59
7d87fa60-92fb-4bbc-a0df-0abe1544204f,severn.camera,available,58.99,58.99,medium,low,6,namesilo,,,28/09/2026 15:15
392bb4ba-b298-4b55-ae31-4b0c38557456,joke.camera,available,58.99,58.99,high,low,4,namesilo,,,22/09/2026 06:20
7136f9c0-26ac-42cb-9617-ac85a7ded5ee,fleeting.camera,available,21.99,75.99,high,low,8,name.com,,,18/08/2026 07:51
a056a9e3-b5b0-438c-adf4-7434c4458157,searcy.camera,available,46.78,46.78,medium,low,6,spaceship,,,03/10/2026 04:15
24a1120a-a22c-4868-ab0b-cacb20f410cb,steroids.camera,available,61.98,72.98,medium,low,8,namecheap,,,19/09/2026 19:38
3de6c2c0-96ce-4785-8e1a-0cf525bf879a,risen.camera,available,46.78,46.78,high,low,5,spaceship,,,27/09/2026 15:29
d0f2fd70-f5e3-40cd-89b3-a93e19e80840,aeonium.camera,available,58.99,58.99,medium,low,7,namesilo,,,17/09/2026 12:40
f14e978c-f0c9-4001-8231-b9482abbde91,moisture.camera,available,58.99,58.99,high,low,8,namesilo,,,13/09/2026 11:06
8caa18ce-f94a-4ded-b5bc-8ba4c05e9035,whitby.camera,available,58.99,58.99,medium,low,6,namesilo,,,29/09/2026 23:34
132582d9-a6ec-4999-915f-7328215233fd,jawed.camera,available,21.99,75.99,medium,low,5,name.com,,,22/08/2026 12:32
7a8df955-6944-43fe-b4ad-2ef1e507db59,factories.camera,available,61.98,72.98,medium,low,9,namecheap,,,20/09/2026 05:09
a73c5689-fe0b-4d60-b777-4c93c50f3755,dome.camera,resell,,,medium,low,4,,,,29/09/2026 00:15
61f3f52d-9976-472f-87d9-98ba21df76be,rung.camera,available,11.84,46.86,medium,low,4,porkbun,,,01/10/2026 21:34
be4ac8ce-1b62-4af4-a442-a82953aaa5ff,symbols.camera,available,58.99,58.99,medium,low,7,namesilo,,,29/09/2026 04:46
67a84f5b-2895-4b6e-91d3-003147b705ae,bsd.camera,available,11.99,48.37,high,low,3,dynadot,,,03/10/2026 03:23
0ef22b28-e404-46dc-936a-727c9538792e,ann.camera,available,46.78,46.78,high,low,3,spaceship,,,01/10/2026 09:27
7255d163-cb89-4741-a7e7-212667620029,strawberry.camera,available,46.78,46.78,high,low,10,spaceship,,,29/09/2026 22:40
9a966875-79d4-442e-8ece-e07245c52c21,loads.camera,available,58.99,58.99,high,low,5,namesilo,,,28/09/2026 15:05
ebe9ddf3-3c38-42ea-9843-6483e4255a08,ethanol.camera,available,11.84,46.86,medium,low,7,porkbun,,,02/10/2026 04:44
904c3701-7ead-42a3-adaf-66a69c945928,touchstone.camera,available,58.99,58.99,high,low,10,namesilo,,,10/09/2026 18:36
98affa95-44e6-4e21-a714-184ca36f7a9b,distraction.camera,available,11.99,48.37,high,low,11,dynadot,,,28/09/2026 16:54
33b879d2-2dc8-4a68-9ebd-c7cc21b9da9c,wriggly.camera,available,58.99,58.99,medium,low,7,namesilo,,,13/09/2026 13:43
084564cb-bf00-44b1-b716-32c81004a98c,diverse.camera,available,21.99,75.99,high,low,7,name.com,,,14/08/2026 13:39
e712a64f-2559-47b0-a15c-d84ec15f9252,sandbox.camera,available,46.78,46.78,high,medium,7,spaceship,,,03/10/2026 02:01
d14f6ea8-b5e9-4c33-a31a-3c0e84aa5170,hippo.camera,available,46.78,46.78,high,low,5,spaceship,,,02/10/2026 15:43
ed49528c-8295-4261-8455-e25f27a55331,funded.camera,available,21.99,75.99,high,low,6,name.com,,,18/08/2026 18:23
b56e789d-7206-4502-b3b5-d4a33d710ad4,lessons.camera,available,61.98,72.98,medium,low,7,namecheap,,,25/09/2026 19:53
494b33c3-fdbe-4573-b152-54e13a2a051f,blurred.camera,available,58.99,58.99,high,low,7,namesilo,,,22/09/2026 23:21
08e38e50-9f2d-4dc2-9d78-8aeea1352a66,freezer.camera,available,46.78,46.78,high,low,7,spaceship,,,29/09/2026 07:08
06016395-f1af-40b3-8665-e7d590f84cc7,alfatah.camera,available,58.99,58.99,medium,low,8,namesilo,,,18/09/2026 00:22
b3ef0a11-2c52-4bd9-911b-78f0fcca276d,backspacer.camera,available,58.99,58.99,medium,low,10,namesilo,,,21/09/2026 16:02
b99e8a24-cd4f-42c2-a8e0-f2b28ba541e4,furnace.camera,available,45.2,45.2,high,low,7,cloudflare,,,28/09/2026 19:17
1228b2e1-1a7e-4ec1-90e5-1e85713734b1,benumb.camera,available,58.99,58.99,medium,low,6,namesilo,,,03/09/2026 22:47
b9b6d8cb-a5e7-4f30-8048-c0cd83dac354,launcher.camera,available,11.84,46.86,high,low,8,porkbun,,,01/10/2026 02:51
e9f24406-df66-478b-8269-ae4ff95425dd,camouflage.camera,available,61.98,72.98,high,low,10,namecheap,,,29/09/2026 06:05
d75c7bb2-7870-4589-b84e-8960b2ed4ceb,forward.camera,available,61.98,72.98,high,medium,7,namecheap,,,21/09/2026 20:55
daa1c3ca-76ae-4238-a983-14ad9139b5fc,leaps.camera,available,11.99,48.37,medium,low,5,dynadot,,,02/10/2026 02:47
67e6505f-c023-4602-af6e-38efda9e94d5,entrant.camera,available,21.99,75.99,medium,low,7,name.com,,,18/08/2026 07:36
c41fbe93-3ce2-49a6-a607-b353aa74b47a,tutu.camera,available,58.99,58.99,high,low,4,namesilo,,,21/09/2026 22:53
0c9d4039-c2e8-44b1-ae6c-2b73a78f7183,neill.camera,available,58.99,58.99,medium,low,5,namesilo,,,28/09/2026 23:29
02fa26bc-32e7-4503-b367-4c44f304286f,maculate.camera,available,21.99,75.99,medium,low,8,name.com,,,13/08/2026 23:26
77f052f4-19bc-4687-962f-2ad089694391,starting.camera,available,58.99,58.99,high,low,8,namesilo,,,28/09/2026 00:44
03760a86-d1bc-4f0d-a84e-1127f498b312,beshrew.camera,available,21.99,75.99,medium,low,7,name.com,,,13/08/2026 16:19
5b63edf2-89c2-4c2d-8520-57650cd496a8,peking.camera,available,58.99,58.99,high,low,6,namesilo,,,23/09/2026 04:13
0f8b19bb-b4cd-452a-9b02-99330f0cf09a,archival.camera,available,21.99,75.99,medium,low,8,name.com,,,06/08/2026 15:53
53498fc4-3201-463f-ab76-799a671d46b0,leprous.camera,available,21.99,75.99,medium,low,7,name.com,,,23/08/2026 00:12
12041d87-6bed-4e68-9fba-2888fe3f0d0e,squeezable.camera,available,58.99,58.99,medium,low,10,namesilo,,,10/09/2026 17:41
91ba2b97-e5b2-4ee2-aa63-c86c82ca7ac5,gifts.camera,premium,520,520,medium,low,5,namecheap,,,25/09/2026 17:25
e7566b32-f1b3-4994-b1c6-fa641968d363,isabel.camera,available,46.78,46.78,high,low,6,spaceship,,,28/09/2026 16:24
d40286f8-0a11-421e-9ca9-bfdc8353e3e9,debile.camera,available,21.99,75.99,medium,low,6,name.com,,,13/08/2026 20:28
d697da3d-ff5b-4bcb-8b04-f19bab7d289b,autodidact.camera,available,58.99,58.99,high,low,10,namesilo,,,21/09/2026 06:15
65319d69-5be8-4584-881c-2f79b01a6d68,poetically.camera,available,61.98,72.98,medium,low,10,namecheap,,,15/09/2026 20:51
5e01783a-1b0a-4e4b-aa57-931f15313ca6,larghetto.camera,available,21.99,75.99,medium,low,9,name.com,,,22/08/2026 19:57
e40c5c8f-9f7c-457c-ac17-6b6ec15cb20b,flu.camera,available,46.78,46.78,high,low,3,spaceship,,,29/09/2026 19:35
0cf7d7db-4085-42e0-9df5-c6ad13775aab,skim.camera,available,58.99,58.99,high,low,4,namesilo,,,10/09/2026 09:32
00d46fc7-70bb-4db7-ad3c-e95c04e0e319,mixologist.camera,available,58.99,58.99,medium,low,10,namesilo,,,22/09/2026 06:27
e5f8f9d1-5fab-4466-b2ba-2e5db34ef8dd,umbilicus.camera,available,61.98,72.98,medium,low,9,namecheap,,,23/09/2026 06:37
7f28b8c3-02d3-44f2-a5b3-6c7dba03e22e,peshawar.camera,available,45.2,45.2,medium,low,8,cloudflare,,,29/09/2026 19:57
2e3049eb-f643-49c8-9c31-8268078b5f7a,exterminate.camera,available,58.99,58.99,medium,low,11,namesilo,,,02/10/2026 17:36
4b698b50-e6c2-4abb-ae61-0868c9b9377d,likeable.camera,available,21.99,75.99,high,low,8,name.com,,,23/08/2026 06:11
103f8376-0452-4d1f-9091-39e0ef798126,craftily.camera,available,58.99,58.99,medium,low,8,namesilo,,,14/09/2026 09:00
bdaf55ad-62b9-4419-b912-6b93c5509766,chancellor.camera,available,46.78,46.78,high,low,10,spaceship,,,28/09/2026 18:38
90584cd0-e7cb-4e9b-a285-f5c117817e71,competitors.camera,available,58.99,58.99,medium,low,11,namesilo,,,29/09/2026 11:34
622f2355-9b0b-462c-85f2-1ae02af40af4,gloom.camera,available,11.99,48.37,high,low,5,dynadot,,,01/10/2026 19:48
69170116-5c13-40b2-a8ff-4535ad9eb418,owing.camera,available,45.2,45.2,medium,low,5,cloudflare,,,02/10/2026 19:29
dc07832b-2498-4426-b913-d708038805f9,duly.camera,available,21.99,75.99,medium,low,4,name.com,,,14/09/2026 14:47
e58c7640-a0c4-4803-8659-955e06150884,glad.camera,available,61.98,72.98,high,low,4,namecheap,,,22/09/2026 18:28
313d2a5e-91ba-4e02-a74b-2d69ce115e10,bibles.camera,available,46.78,46.78,medium,low,6,spaceship,,,02/10/2026 23:08
7c20d271-b0fe-4650-bf7c-03cf6f31dcaf,hutu.camera,available,58.99,58.99,high,low,4,namesilo,,,02/10/2026 15:46
0f986829-10fc-4c4e-bbbf-9eee18f6e79e,melodrama.camera,available,45.2,45.2,high,low,9,cloudflare,,,02/10/2026 05:45
d853f9cd-43fc-4e87-af44-810e721694fb,hole.camera,available,11.99,48.37,medium,low,4,dynadot,,,29/09/2026 05:47
f653744c-2f1c-4fb4-981a-bfafcfc1b1a5,pseud.camera,available,58.99,58.99,medium,low,5,namesilo,,,09/09/2026 05:04
547e7273-f396-45e9-bb8f-97acfd1affce,wieland.camera,available,58.99,58.99,medium,low,7,namesilo,,,03/10/2026 02:22
8d5d32a4-ca53-4a41-9f9d-2315698aea56,could.camera,available,45.2,45.2,high,low,5,cloudflare,,,30/09/2026 23:37
d4a13564-a425-4e1d-b7be-10ac4e1e9119,schuylkill.camera,available,46.78,46.78,medium,low,10,spaceship,,,28/09/2026 16:50
79668e1f-ec71-453c-98e4-2ea7a2bea7fd,unspent.camera,available,58.99,58.99,medium,low,7,namesilo,,,12/09/2026 09:36
07c6af69-300c-4fcb-a108-91ad34f89ef2,milliliter.camera,available,21.99,75.99,medium,low,10,name.com,,,11/08/2026 22:53
f45ee55a-7d3b-4a22-b8bd-c4052a9366c4,justine.camera,available,45.2,45.2,medium,low,7,cloudflare,,,29/09/2026 15:24
bc8d3d12-4fce-46ad-af08-d8a387e441b3,chattahoochee.camera,available,45.2,45.2,medium,low,13,cloudflare,,,30/09/2026 22:12
e0ac53c3-9075-4f98-a88a-04734e002728,dreamily.camera,available,58.99,58.99,medium,low,8,namesilo,,,14/09/2026 14:15
b9355900-8f2d-49c3-a951-01bcb2a1c2e0,turpin.camera,available,46.78,46.78,medium,low,6,spaceship,,,01/10/2026 01:44
4528697f-4130-457b-afd3-c3d0fc82cd3c,pampering.camera,available,58.99,58.99,high,low,9,namesilo,,,05/09/2026 00:29
d37eb4ee-77ce-4171-b89f-f0a5e1a4120a,arhant.camera,available,58.99,58.99,medium,low,6,namesilo,,,20/09/2026 05:07
d98c651c-cf4d-4f7b-9597-6dc5285b05e1,bern.camera,available,58.99,58.99,high,low,4,namesilo,,,29/09/2026 02:12
246a433d-ddb3-4ed1-a53e-a3a2061bc279,brooke.camera,available,58.99,58.99,high,low,6,namesilo,,,25/09/2026 02:29
464524ce-19e2-4580-9702-8f29168d6385,needful.camera,available,58.99,58.99,high,low,7,namesilo,,,03/09/2026 14:51
e2c6b42e-8f03-4846-844e-7dfcab1b3c4e,eustace.camera,available,11.99,48.37,medium,low,7,dynadot,,,29/09/2026 15:27
551ab954-3139-4296-8571-ad9395d5615f,birthday.camera,available,61.98,72.98,high,low,8,namecheap,,,29/09/2026 02:53
3a3b5e60-eab4-4510-90da-21d533bcf1c6,foppish.camera,available,21.99,75.99,medium,low,7,name.com,,,13/08/2026 17:05
72acb0bc-b9ec-4fcd-85e9-51694c14ab50,antic.camera,available,21.99,75.99,high,low,5,name.com,,,
e911f105-42e3-4e85-9f1f-e3ea63cbf07e,styleless.camera,available,58.99,58.99,low,low,9,namesilo,,,10/09/2026 23:15
6d19b491-6a81-4c05-b285-a86fbc0f71d2,physiological.camera,available,46.78,46.78,medium,low,13,spaceship,,,29/09/2026 20:58
eebf0fb3-31a0-4469-b482-406140c91260,laudable.camera,available,21.99,75.99,medium,low,8,name.com,,,06/08/2026 07:01
edbd6971-ac0d-4e6d-a45a-0caad78cc8f6,searches.camera,available,58.99,58.99,medium,low,8,namesilo,,,20/09/2026 07:30
cb9a0439-3862-4e19-b6e9-8cf3170ef848,taurus.camera,available,58.99,58.99,high,low,6,namesilo,,,19/09/2026 04:39
cbc3f5f8-f828-4745-a20e-d77881bc13b0,uncomplicated.camera,available,45.2,45.2,high,low,13,cloudflare,,,01/10/2026 22:10
e38ef2f1-e933-4f2c-a426-01e59ad1d1c7,ticonderoga.camera,available,46.78,46.78,medium,low,11,spaceship,,,30/09/2026 22:22
c57a19ed-8a22-4939-ac39-0ea54a268b78,addie.camera,available,45.2,45.2,high,low,5,cloudflare,,,02/10/2026 11:53
1269e99a-9289-46bb-92b7-5eca359e10eb,strikes.camera,available,58.99,58.99,medium,low,7,namesilo,,,27/09/2026 09:13
3cec687b-8a3e-4a38-b3e0-a59024a10a7d,chainlike.camera,available,21.99,75.99,medium,low,9,name.com,,,11/08/2026 21:34
cabc6384-c869-4e14-8e53-9d3b3ef7d16f,earthly.camera,available,21.99,75.99,high,low,7,name.com,,,14/08/2026 22:42
a3e7a830-ae2d-4528-8971-83942dada7cc,alienation.camera,available,58.99,58.99,high,low,10,namesilo,,,18/09/2026 07:35
3b666ac1-6e3a-45ba-8993-79657a404c44,testimonial.camera,available,61.98,72.98,high,low,11,namecheap,,,01/10/2026 22:39
0850aa8c-9cfb-4ebc-b9b1-bd641c251730,tailed.camera,available,58.99,58.99,medium,low,6,namesilo,,,11/09/2026 07:08
e96ba7a4-337e-4a48-a941-d23102215b04,donations.camera,available,11.99,48.37,medium,low,9,dynadot,,,29/09/2026 17:05
8a2cd5b6-0e58-4e8a-a711-eb3480605060,genevieve.camera,available,46.78,46.78,medium,low,9,spaceship,,,28/09/2026 16:45
660f52b2-3b8b-4c74-b802-2571567748a7,streets.camera,available,45.2,45.2,high,low,7,cloudflare,,,02/10/2026 07:28
3c001ace-eb9c-4adf-be0f-233385f96546,postpone.camera,available,58.99,58.99,high,low,8,namesilo,,,29/09/2026 08:12
38a66190-11e2-4bff-b4d8-4fa67dd5c10a,keister.camera,available,21.99,75.99,low,low,7,name.com,,,09/08/2026 11:08
9b6fc43f-0bc2-4d3c-94ae-02b1469cd907,upstanding.camera,available,58.99,58.99,high,low,10,namesilo,,,12/09/2026 23:22
2ff7485a-f4f8-4e2b-825c-faf1c68898f1,changsha.camera,available,11.99,48.37,medium,low,8,dynadot,,,02/10/2026 00:31
c5da8caf-a807-4d93-b95a-701517f69d01,greylag.camera,available,58.99,58.99,medium,low,7,namesilo,,,19/09/2026 12:07
a1ffb215-9b19-4a65-8f92-e2ab83cd52c3,octal.camera,available,58.99,58.99,medium,low,5,namesilo,,,04/09/2026 00:39
518b458d-bfbe-40a1-a62f-9e38612101f7,troublesome.camera,available,11.84,46.86,medium,low,11,porkbun,,,29/09/2026 20:56
d24c6bc0-e498-4f45-945a-cb8870b61486,beehive.camera,available,58.99,58.99,high,low,7,namesilo,,,23/09/2026 01:16
4fa32db0-996d-45d1-96e9-5b6ac55c8b9d,disaster.camera,available,58.99,58.99,high,low,8,namesilo,,,24/09/2026 11:38
8e57f283-b564-4fd8-bbbc-ef36c60789b7,advertise.camera,available,58.99,58.99,high,low,9,namesilo,,,29/09/2026 20:39
471acf9a-48b6-4fe1-aecc-e89f29d5ef17,autopilot.camera,available,58.99,58.99,high,low,9,namesilo,,,21/09/2026 06:54
4e1edfeb-aee6-49ad-9f13-bc8dc580252b,rif.camera,available,61.98,72.98,high,low,3,namecheap,,,30/09/2026 19:40
1f4fc649-f92b-4271-a261-a8f7ba216d1e,defy.camera,available,46.78,46.78,high,low,4,spaceship,,,29/09/2026 20:41
fac3a941-7ce2-42c9-b6da-f1501ddb8732,rodney.camera,available,58.99,58.99,high,low,6,namesilo,,,28/09/2026 03:52
e77490b2-9a37-4a41-b9eb-aca6bbbda21f,arbutus.camera,available,58.99,58.99,medium,low,7,namesilo,,,20/09/2026 01:01
3fdaec25-62ae-42c0-bde9-255eeef3d8c7,farewell.camera,available,89.99,89.99,high,low,8,godaddy,,,28/09/2026 01:53
69c7b4a4-e1d7-4c02-bb9a-d746382c1ca1,covalent.camera,available,21.99,75.99,high,low,8,name.com,,,13/08/2026 04:03
8b41b5de-bb81-4441-b61c-0569e59991a3,alcoves.camera,available,58.99,58.99,low,low,7,namesilo,,,20/09/2026 22:35
49407cd9-a543-461b-b096-8f3d4c103e98,alienate.camera,available,21.99,75.99,medium,low,8,name.com,,,
11c97cc5-107c-48fa-b91d-07de7d65617e,milfoil.camera,available,61.98,72.98,medium,low,7,namecheap,,,17/09/2026 00:37
0e31dc11-c49f-4f2f-8182-b0c14bdcfbcf,settled.camera,available,21.99,75.99,high,low,7,name.com,,,12/08/2026 17:27
9935954b-4781-484f-9e1d-5cc6b1819244,sills.camera,available,58.99,58.99,high,low,5,namesilo,,,23/09/2026 06:04
47815bd8-f6b3-4309-afc6-9bd8dcc08205,carotid.camera,available,21.99,75.99,high,low,7,name.com,,,11/08/2026 19:33
ee71c831-198a-4c59-a6a0-13ab8c20e863,coffeecakes.camera,available,61.98,72.98,medium,low,11,namecheap,,,21/09/2026 00:59
4d34fbc7-72ba-4357-90e6-72a38246b8d9,solidarity.camera,available,46.78,46.78,high,low,10,spaceship,,,30/09/2026 02:56
6e50e2b9-f02a-4178-a828-5acd1c8082dd,beefeater.camera,available,58.99,58.99,medium,low,9,namesilo,,,23/09/2026 01:09
7730a809-674a-46ae-8e01-02bea87f917e,attila.camera,available,61.98,72.98,high,low,6,namecheap,,,21/09/2026 01:47
4cb5cf6c-591c-4180-9cb8-20446159985d,optimal.camera,available,58.99,58.99,high,low,7,namesilo,,,04/09/2026 17:01
3efe88a2-fd69-42ab-971a-779b9f025c92,respirator.camera,available,61.98,72.98,high,low,10,namecheap,,,03/10/2026 00:54
be271656-23cc-437b-bedb-ef0037217451,colleagues.camera,available,58.99,58.99,medium,low,10,namesilo,,,18/09/2026 23:15
6fd55e36-584c-4bbe-8779-0bf7b8a09af3,lindsay.camera,available,46.78,46.78,high,low,7,spaceship,,,29/09/2026 23:06
9a2eaa3b-e941-4546-89b8-9bd4736f57ff,fumbling.camera,available,21.99,75.99,medium,low,8,name.com,,,11/08/2026 10:05
f2fdbbb7-5076-45b4-b084-f615e5a0cabd,almoner.camera,available,58.99,58.99,medium,low,7,namesilo,,,18/09/2026 12:40
492762fd-dd15-4cd2-90ed-cad626cbebc3,prominent.camera,available,58.99,58.99,high,low,9,namesilo,,,27/09/2026 07:23
7c69825c-23ed-4dd9-9078-5fefd9902a5d,leal.camera,available,21.99,75.99,medium,low,4,name.com,,,22/08/2026 22:03
e9b06ac4-e5eb-41c7-9c76-6583d952e622,emboss.camera,available,21.99,75.99,medium,low,6,name.com,,,10/08/2026 20:42
4625851d-42f2-4fb3-94d2-1522cd0d8a5b,aliens.camera,available,61.98,72.98,high,low,6,namecheap,,,19/09/2026 19:25
44cfbeff-d4ba-41af-8d9d-3aefb6a7a070,affairs.camera,available,58.99,58.99,high,low,7,namesilo,,,17/09/2026 14:09
e42cc67a-b3c5-48e5-ae2a-f94b4266ed09,androgyny.camera,available,58.99,58.99,medium,low,9,namesilo,,,19/09/2026 04:54
b8ab9889-9ad3-4269-9abb-8d3b43b77bca,annealing.camera,available,58.99,58.99,high,low,9,namesilo,,,11/09/2026 10:58
714ea340-ff35-4ec8-a2cf-e8b8b15da37a,jab.camera,available,11.99,48.37,high,low,3,dynadot,,,01/10/2026 20:07
3987a38a-d659-4587-b216-9864df1a3347,prop.camera,available,58.99,58.99,high,low,4,namesilo,,,17/09/2026 23:19
2a38f751-7505-4351-bfa8-52f96961ce66,parchment.camera,available,61.98,72.98,medium,low,9,namecheap,,,30/09/2026 18:17
91573d4a-26a9-450d-b5b7-b7abd59344ae,tongues.camera,available,58.99,58.99,medium,low,7,namesilo,,,18/09/2026 07:52
856331b2-5363-4da4-8e80-3c2851c06b92,watcher.camera,available,58.99,58.99,high,low,7,namesilo,,,03/10/2026 01:31
92f92f12-5873-4fc7-ad50-58c8de889d4e,greenwing.camera,available,61.98,72.98,medium,low,9,namecheap,,,19/09/2026 02:56
736cf9a4-dd37-47a1-9a05-f77d213a46ca,nanda.camera,available,45.2,45.2,medium,low,5,cloudflare,,,30/09/2026 22:08
a00d71bc-6976-45ca-b93b-37a59a451524,tricky.camera,available,21.99,75.99,high,low,6,name.com,,,11/08/2026 21:23
ffd5d653-8cdf-4b22-8828-302dd73d7144,instructed.camera,available,46.78,46.78,medium,low,10,spaceship,,,28/09/2026 04:56
d606c827-bbd0-4183-9ed7-5f2952f7bf1b,attempted.camera,available,21.99,75.99,medium,low,9,name.com,,,07/08/2026 15:12
1688f03d-302e-4873-8755-0bdcc6e14878,revolution.camera,available,58.99,58.99,high,low,10,namesilo,,,29/09/2026 21:55
f6dac15e-ea15-433b-9f64-57e72092540d,distant.camera,available,58.99,58.99,high,low,7,namesilo,,,22/09/2026 02:03
40c67f2a-f3db-489d-92ad-228c76fa0c04,overview.camera,available,11.99,48.37,high,low,8,dynadot,,,30/09/2026 02:27
e104b19e-9bf8-4ac0-a929-c5d433886432,measured.camera,available,21.99,75.99,high,low,8,name.com,,,11/08/2026 13:59
322e02bb-61c4-48fd-b1d2-7bbf8f3bce49,frequently.camera,available,46.78,46.78,medium,low,10,spaceship,,,28/09/2026 14:57
b9c39ad7-5ddd-4fef-ae06-4c0ca963f965,ethic.camera,available,58.99,58.99,high,low,5,namesilo,,,30/09/2026 17:13
cf62ef94-f2d7-4aa1-a9bf-c600d43635fe,bulbous.camera,available,21.99,75.99,medium,low,7,name.com,,,09/08/2026 13:39
c8b3aee4-d755-403d-860f-194a8694ae71,cymose.camera,available,21.99,75.99,medium,low,6,name.com,,,13/08/2026 13:57
ca329d87-efde-481c-be66-70cd1c0e2921,alewife.camera,available,61.98,72.98,medium,low,7,namecheap,,,18/09/2026 05:44
572a9ff6-92a6-4c51-9ee7-28be14927313,liberated.camera,available,21.99,75.99,high,low,9,name.com,,,16/08/2026 06:20
e8f5e868-ede1-42a0-ad05-ca03c5694007,arizonan.camera,available,58.99,58.99,medium,low,8,namesilo,,,20/09/2026 06:05
7d1431e8-0d01-4143-b40d-08f1f9cacc4f,abm.camera,available,61.98,72.98,high,low,3,namecheap,,,16/09/2026 16:15
cf6e667f-26db-4491-a93e-29ddf83ec004,printer.camera,premium,,,high,low,7,,,,28/09/2026 15:08
ddaa924b-c609-459f-a54e-7d457e142bd0,espionage.camera,available,58.99,58.99,high,low,9,namesilo,,,29/09/2026 06:49
0513dc0d-4983-43dc-9b7b-8594d1c2123a,duval.camera,available,45.2,45.2,medium,low,5,cloudflare,,,28/09/2026 11:57
ca1c3f65-742e-4f26-87b7-ba0123386801,pacifist.camera,available,58.99,58.99,high,low,8,namesilo,,,04/09/2026 22:35
1e9cbafd-6db7-4a8b-9477-91d23874ffb7,blunted.camera,available,21.99,75.99,medium,low,7,name.com,,,10/08/2026 16:17
1a01f709-3b5b-4e44-aa69-607993ef82f3,canby.camera,available,11.84,46.86,medium,low,5,porkbun,,,30/09/2026 14:04
471f6b80-1661-43e1-abb1-ff59a28a3552,devil.camera,available,58.99,58.99,medium,low,5,namesilo,,,23/09/2026 01:20
5b1e519f-2b00-4542-9acb-31a31b5ed605,doctorial.camera,available,21.99,75.99,medium,low,9,name.com,,,14/08/2026 14:21
4d50400a-b68f-49ca-8345-8220a21c84fd,infiltration.camera,available,58.99,58.99,medium,low,12,namesilo,,,30/09/2026 23:19
4157a5d4-2c46-49ae-b0f0-1803c426c794,maidstone.camera,available,11.84,46.86,medium,low,9,porkbun,,,01/10/2026 08:27
6d509135-28a9-4660-8c11-7ac71758ed91,training.camera,available,45.2,45.2,high,low,8,cloudflare,,,29/09/2026 06:10
d7d04fa0-c947-4c17-aeda-76d159022b89,rios.camera,available,45.2,45.2,high,low,4,cloudflare,,,30/09/2026 04:44
afdd68e6-7ef6-4330-bfeb-d5b129e27cad,pesticides.camera,available,45.2,45.2,low,low,10,cloudflare,,,02/10/2026 12:58
e2b1a7ac-a1ab-44f0-8acb-c14dc4bef46d,acquiring.camera,available,58.99,58.99,high,low,9,namesilo,,,17/09/2026 02:42
0b113d38-12e5-41b5-9284-e8bec508754b,eeg.camera,available,46.78,46.78,high,low,3,spaceship,,,28/09/2026 19:03
a54f1014-dd89-4f4b-b79c-00ca4f83440b,liaison.camera,available,58.99,58.99,high,low,7,namesilo,,,17/09/2026 14:03
9383fb9f-7c34-495f-88a1-8f67af8eb05c,beloved.camera,available,21.99,75.99,high,low,7,name.com,,,09/08/2026 13:47
dd1cc644-2545-4bc7-be40-15ec6dc97e73,transaction.camera,available,46.78,46.78,high,low,11,spaceship,,,01/10/2026 10:33
dbc83bb3-c1b2-40f3-a4a5-b1a191ef86ae,targeted.camera,available,46.78,46.78,high,low,8,spaceship,,,28/09/2026 21:29
924e6f68-29fd-4e1a-9d3e-377d121983a0,hammer.camera,available,46.78,46.78,high,low,6,spaceship,,,29/09/2026 19:53
e5087238-b324-4f01-96a2-89fd80db9e85,commits.camera,available,46.78,46.78,medium,low,7,spaceship,,,30/09/2026 16:09
0f55cc41-a0d7-4bdb-a3da-e12eed9c228b,appreciation.camera,available,21.99,,high,low,12,name.com,,,
35797fd8-a262-451e-9e57-9b51739e06fa,centroidal.camera,available,21.99,75.99,medium,low,10,name.com,,,12/08/2026 00:18
ff73cc86-cfd6-40e2-98ea-ae38c49afe4a,cards.camera,available,58.99,58.99,high,low,5,namesilo,,,24/09/2026 12:49
2effac81-012e-410a-8ece-ee5c142643e9,ranges.camera,available,58.99,58.99,medium,low,6,namesilo,,,01/10/2026 15:26
52a02dd8-fbd0-449e-abc6-fa532f9ba6c1,advisory.camera,available,21.99,75.99,high,low,8,name.com,,,
2cbe2623-1639-42e7-90f2-72082643955a,pkk.camera,available,58.99,58.99,high,low,3,namesilo,,,02/10/2026 07:38
7e1ff2b6-896b-46ee-ac48-0a212cbf8e4a,don.camera,available,58.99,58.99,high,low,3,namesilo,,,27/09/2026 08:52
2377606f-1d7c-4a4f-a6fc-9d7c1fd257b6,rosa.camera,available,46.78,46.78,high,low,4,spaceship,,,28/09/2026 05:49
7d9cd1f3-14d4-4094-adfd-3486acaabc68,eager.camera,available,58.99,58.99,high,low,5,namesilo,,,24/09/2026 12:48
b2543ee3-6785-4728-b0ac-c4491b0cd2c6,enforced.camera,available,21.99,75.99,medium,low,8,name.com,,,17/08/2026 07:32
39abd5b6-4316-488d-8f6a-a4d140dfda68,thither.camera,available,58.99,58.99,medium,low,7,namesilo,,,16/09/2026 08:57
caedb7e4-0ffd-4969-a62c-0c32ee0bef21,nadh.camera,available,45.2,45.2,high,low,4,cloudflare,,,01/10/2026 18:36
597f14e5-bd15-4a33-bc05-d8d4c5727416,bse.camera,available,58.99,58.99,medium,low,3,namesilo,,,02/10/2026 23:40
fb69d7bb-ad48-46ed-ba16-06b4b6c21bb4,mawr.camera,available,46.78,46.78,medium,low,4,spaceship,,,28/09/2026 21:42
b3c61e14-e48a-4668-b888-ca641bc2d5f3,terence.camera,available,45.2,45.2,medium,low,7,cloudflare,,,27/09/2026 15:27
2d660f8c-edd8-4b2a-8dab-b00818fdb239,interred.camera,available,21.99,75.99,medium,low,8,name.com,,,11/08/2026 10:36
e06d6569-a4bc-46f5-8fa3-4807b03215e3,busting.camera,available,46.78,46.78,high,low,7,spaceship,,,03/10/2026 03:24
6b189580-cdec-48d0-b0d9-33f20bf634c8,polio.camera,available,58.99,58.99,medium,low,5,namesilo,,,17/09/2026 05:40
16c8cf72-cfb5-4c91-9a51-d23baa23c162,crossover.camera,available,58.99,58.99,high,low,9,namesilo,,,30/09/2026 09:18
453fafae-a45f-4d2d-9ea4-1794c5df0380,inured.camera,available,21.99,75.99,medium,low,6,name.com,,,17/08/2026 10:01
35456830-be14-4c81-b159-e7bfc81247b8,scissors.camera,available,46.78,46.78,high,low,8,spaceship,,,28/09/2026 20:05
712a0d33-4d6a-42c1-9e6f-f5685e1b0967,crates.camera,available,45.2,45.2,low,low,6,cloudflare,,,01/10/2026 17:58
3d75edd3-286d-4ba2-9dc4-c1e17014a4fa,pathless.camera,available,58.99,58.99,medium,low,8,namesilo,,,08/09/2026 10:25
d2fbc28a-c0d4-4544-b7e9-69d057c674a2,contaminated.camera,available,46.78,46.78,medium,low,12,spaceship,,,01/10/2026 23:21
de0a9b20-3063-4618-ae51-079032ad9a67,seasonally.camera,available,58.99,58.99,medium,low,10,namesilo,,,16/09/2026 00:48
380667bc-4362-4711-9baf-de9c6a190e61,fatality.camera,available,61.98,72.98,medium,low,8,namecheap,,,30/09/2026 01:36
d4db5f96-fcc0-47c4-a520-d08fdf54f3d7,errors.camera,available,58.99,58.99,medium,low,6,namesilo,,,17/09/2026 17:09
73d2bda8-a98f-48a7-8577-8f48fab42b98,mikey.camera,available,21.99,,high,low,5,name.com,,,
637641b6-b81f-432a-b09a-e596c58c31e3,sacred.camera,available,58.99,58.99,high,low,6,namesilo,,,24/09/2026 23:19
55bc3fd2-85f0-4d06-bf58-77129af38eed,gis.camera,available,58.99,58.99,high,low,3,namesilo,,,28/09/2026 04:22
d09f40f7-ce49-4542-a8dd-1557f49c2da6,teen.camera,available,61.98,72.98,high,low,4,namecheap,,,21/09/2026 19:11
9138c081-c072-4c12-a0cb-1cc55fbaf157,avondale.camera,available,46.78,46.78,medium,low,8,spaceship,,,30/09/2026 21:47
5ed1c8a7-c9fb-42c1-870a-dceecec685dc,michelson.camera,available,58.99,58.99,medium,low,9,namesilo,,,16/09/2026 12:52
fa65b806-6fb3-4876-8785-074acab886cf,breuer.camera,available,58.99,58.99,high,low,6,namesilo,,,02/10/2026 04:10
b855e219-1b19-4282-a74e-b358d56737ab,pyrogen.camera,available,58.99,58.99,medium,low,7,namesilo,,,09/09/2026 07:01
b437384c-fc78-4720-a005-91054e21a6ba,countess.camera,available,45.2,45.2,medium,low,8,cloudflare,,,28/09/2026 13:48
a4a529d1-fc38-497a-80e5-439d1a03a455,clout.camera,available,58.99,58.99,high,low,5,namesilo,,,23/09/2026 13:48
49205d15-76ca-42a9-8997-1314048c672d,equid.camera,available,21.99,75.99,medium,low,5,name.com,,,17/08/2026 11:47
59a89fce-8a4c-41db-869e-83d7cb5ccd69,foe.camera,available,11.84,46.86,medium,low,3,porkbun,,,29/09/2026 18:55
62035d52-92a0-4e11-a71f-50592483d1e1,astrolabe.camera,available,58.99,58.99,high,low,9,namesilo,,,20/09/2026 17:43
59975528-564e-4530-896c-560b03a87618,lesions.camera,available,58.99,58.99,low,low,7,namesilo,,,30/09/2026 07:01
80247ca5-7a48-4dfa-8149-dcd79a16f1ee,capacity.camera,available,58.99,58.99,high,low,8,namesilo,,,24/09/2026 12:12
e293d745-c69b-49da-8068-934032a3f6ba,bercy.camera,available,58.99,58.99,medium,low,5,namesilo,,,23/09/2026 09:16
35ad6f4e-07ef-4b15-a997-ca5dfed726c8,davies.camera,available,58.99,58.99,medium,low,6,namesilo,,,29/09/2026 03:54
119ca5ff-74ae-472b-8703-a81f9a62b43a,clerk.camera,available,58.99,58.99,high,low,5,namesilo,,,29/09/2026 10:01
24c7ddcc-bf12-4080-8c69-9f4bc75ddd43,utilities.camera,available,46.78,46.78,medium,low,9,spaceship,,,30/09/2026 23:34
2902753d-6817-491c-ada7-799b308f959d,crosstown.camera,available,21.99,75.99,medium,low,9,name.com,,,13/08/2026 08:13
62b067c2-212c-4139-b1bd-901a739d1102,burlesque.camera,available,21.99,75.99,high,low,9,name.com,,,11/08/2026 10:40
63713aa2-7b42-4977-a416-aca3884d3d64,admiration.camera,available,11.99,48.37,high,low,10,dynadot,,,28/09/2026 18:44
c84b8833-f081-401e-b995-d10425eda839,rescued.camera,available,58.99,58.99,high,low,7,namesilo,,,09/09/2026 11:35
4a0369d0-69c1-4db7-a927-a3b10eafba9a,nca.camera,available,45.2,45.2,high,low,3,cloudflare,,,02/10/2026 00:32
88f18bcd-ccba-4417-878b-9b9bd702eb3a,aetna.camera,available,46.78,46.78,high,low,5,spaceship,,,30/09/2026 21:49
44729a20-cbaa-4e13-a3dc-4d8efa388728,heat.camera,available,46.78,46.78,high,low,4,spaceship,,,29/09/2026 18:19
f7493000-40d9-4c9d-847e-ea64c5a3af73,panchayat.camera,available,58.99,58.99,high,low,9,namesilo,,,30/09/2026 02:26
4c29d08b-0eb1-4b33-a18e-e1a612e27ed9,marshfield.camera,available,45.2,45.2,medium,low,10,cloudflare,,,02/10/2026 01:13
ecb22f72-d7da-404a-9ee4-ae353cda4eb2,pilgrim.camera,available,11.84,46.86,high,low,7,porkbun,,,28/09/2026 10:43
11241564-04de-4931-95eb-44cf34ecc1ea,heller.camera,available,58.99,58.99,medium,low,6,namesilo,,,28/09/2026 09:59
c2c606a4-d7d6-4803-b36d-21a6bb12ba2f,sidney.camera,available,58.99,58.99,high,low,6,namesilo,,,27/09/2026 05:44
fcc57e95-1782-4ad5-91cf-8ed854cb2d3e,invent.camera,available,58.99,58.99,high,low,6,namesilo,,,29/09/2026 14:43
d2fc5bda-c402-45f2-85b6-4bbd8a96defb,creamy.camera,available,21.99,75.99,high,low,6,name.com,,,13/08/2026 05:45
6209051d-a21d-422e-922e-456cbd5898dc,equivalent.camera,available,58.99,58.99,high,low,10,namesilo,,,24/09/2026 14:50
1ac6cc3a-7ad2-4ee1-af4b-33a67bccfaf0,winona.camera,available,58.99,58.99,medium,low,6,namesilo,,,28/09/2026 22:06
fbb4bfc1-89db-4070-a65b-57406fe3b123,squeaking.camera,available,58.99,58.99,medium,low,9,namesilo,,,10/09/2026 00:03
323397e5-65da-488b-8e54-ac8673f81139,matey.camera,available,21.99,75.99,medium,low,5,name.com,,,12/08/2026 07:40
a233d3a0-10d4-4a9e-b93e-fcfba4ed1a48,botanical.camera,available,21.99,75.99,high,low,9,name.com,,,10/08/2026 20:47
49d03c43-ff4c-4df0-bf9e-1025610a7661,portend.camera,available,61.98,72.98,medium,low,7,namecheap,,,21/09/2026 03:29
68748772-97b7-4eeb-a5eb-0a9a19290ffa,katanga.camera,available,46.78,46.78,medium,low,7,spaceship,,,30/09/2026 21:27
46ff7ff3-4b94-466a-b6f5-46d7a7bcee87,attosecond.camera,available,61.98,72.98,medium,low,10,namecheap,,,21/09/2026 02:11
fa16be3b-b31c-4d06-b6f1-b690e84bc1b6,adelaide.camera,available,58.99,58.99,high,low,8,namesilo,,,17/09/2026 07:13
1400d15b-1f15-4e64-aa2d-64d3c03955c8,shakespeare.camera,available,61.98,72.98,high,low,11,namecheap,,,02/10/2026 08:48
a1582943-1076-45a4-865a-e9121ef00166,redwing.camera,available,58.99,58.99,high,low,7,namesilo,,,17/09/2026 16:57
8cd2799e-2549-4fb6-81ce-3dd7019414b6,utilize.camera,available,58.99,58.99,high,low,7,namesilo,,,30/09/2026 01:31
b2fc334a-5453-41e1-99a6-9be98e882c43,claws.camera,available,45.2,45.2,medium,low,5,cloudflare,,,28/09/2026 17:19
404ee9a8-48a8-4165-841f-a40031010ac1,malar.camera,available,21.99,75.99,medium,low,5,name.com,,,13/09/2026 15:43
41c0fd3b-f231-4358-a25d-8cbc2b639a39,pliant.camera,available,21.99,75.99,medium,low,6,name.com,,,09/08/2026 14:11
180883e8-f68c-4c00-b154-decf35cd65fe,execution.camera,available,58.99,58.99,high,low,9,namesilo,,,29/09/2026 07:21
2a7b7a75-2dfa-4c04-bea5-1273100b09f3,friendships.camera,available,58.99,58.99,medium,low,11,namesilo,,,30/09/2026 15:36
1b6b4ae8-2b80-438c-aa08-3a0a64f304d4,omb.camera,available,11.99,48.37,medium,low,3,dynadot,,,29/09/2026 19:51
2fc4d4d0-a192-45be-a908-4e47b13548a3,bedroll.camera,available,61.98,72.98,high,low,7,namecheap,,,22/09/2026 23:33
53bc6d9d-f360-48eb-a964-0d89fd065654,begonia.camera,available,58.99,58.99,medium,low,7,namesilo,,,23/09/2026 02:28
5112297d-d311-4450-ad82-cdac5c64c67c,documenting.camera,available,58.99,58.99,medium,low,11,namesilo,,,02/10/2026 03:07
701f3e11-5d51-4503-83a3-377dd33b3599,brazzaville.camera,available,45.2,45.2,medium,low,11,cloudflare,,,02/10/2026 19:32
c587e6ce-a297-4e5d-b560-42ef0926f20a,mtr.camera,available,46.78,46.78,high,low,3,spaceship,,,01/10/2026 23:54
c9d62458-5a1f-4d25-9ef2-213fc7bf9809,margosa.camera,available,58.99,58.99,medium,low,7,namesilo,,,20/09/2026 05:43
97bdc207-197d-467d-aeb3-fd6686a5eeda,dotcom.camera,available,21.99,75.99,high,low,7,name.com,,,14/08/2026 16:26
c24134fa-9123-45a6-ac6a-da00e11481b4,peterson.camera,available,58.99,58.99,high,low,8,namesilo,,,25/09/2026 17:40
bb7af5e2-ac92-4918-a272-f64e1911cc86,superhero.camera,available,21.99,75.99,high,low,9,name.com,,,16/09/2026 20:24
bf9bd51b-5d00-468b-8441-f84ba76b7e48,prey.camera,available,11.99,48.37,high,low,4,dynadot,,,27/09/2026 13:29
c004c4a3-e504-4268-bfd1-5f18e97f5c1c,fissure.camera,available,21.99,75.99,high,low,7,name.com,,,13/08/2026 04:18
9e9af5b1-bf83-4091-9948-3133b6df9201,psalm.camera,available,46.78,46.78,high,low,5,spaceship,,,01/10/2026 21:24
41a669be-47d2-430b-a70b-ee32945f7e1b,egoistic.camera,available,21.99,75.99,medium,low,8,name.com,,,15/08/2026 18:54
366566ab-24f4-4d64-863c-befb6989f6e7,agromania.camera,available,61.98,72.98,medium,low,9,namecheap,,,17/09/2026 19:38
817ddf45-5cac-48b3-b250-e0b7f36fb092,falklands.camera,available,61.98,72.98,medium,low,9,namecheap,,,30/09/2026 14:15
308a1e72-70c6-4968-be45-bc7d354a928b,antonym.camera,available,58.99,58.99,medium,low,7,namesilo,,,04/09/2026 16:48
57e3ccea-ce3e-428e-8f37-5e9f890b640e,cantonment.camera,available,21.99,75.99,medium,low,10,name.com,,,11/08/2026 15:52
0d803d9a-c065-445f-8962-3d1b1d5f06f2,authoriser.camera,available,58.99,58.99,medium,low,10,namesilo,,,21/09/2026 05:16
c0feeecc-ceb0-43cc-a431-622e73a70d60,messenger.camera,available,58.99,58.99,high,low,9,namesilo,,,24/09/2026 18:45
83933460-e2f1-4296-ae0c-498105c946a0,gas.camera,available,45.2,45.2,high,low,3,cloudflare,,,30/09/2026 01:57
d46ed7b0-7551-4d4c-be0b-74ba04e269d7,handily.camera,available,58.99,58.99,medium,low,7,namesilo,,,14/09/2026 08:35
c34a79e2-dcf9-4926-851f-bcdf0ff04763,lilac.camera,available,21.99,75.99,high,low,5,name.com,,,22/08/2026 21:04
42530dc9-a637-427b-9f71-f476aa763ae9,tightly.camera,available,21.99,75.99,medium,low,7,name.com,,,16/09/2026 09:06
a0e461f5-7a4f-4a38-a160-3d82bff0c647,successfully.camera,available,58.99,58.99,high,low,12,namesilo,,,01/10/2026 05:17
86c6d415-4121-4c02-bb51-5d6b99ccdde4,dracula.camera,available,58.99,58.99,high,low,7,namesilo,,,29/09/2026 16:40
8bfe4856-d2d7-43c9-975b-6a25c3c070d2,compliment.camera,available,58.99,58.99,high,low,10,namesilo,,,24/09/2026 16:50
3204c4b9-887b-41a2-b044-15ffce645640,donor.camera,available,61.98,72.98,high,low,5,namecheap,,,23/09/2026 10:42
15b5b1e9-d2e5-40fb-9705-28dccf7d0a59,illustrates.camera,available,11.99,48.37,medium,low,11,dynadot,,,02/10/2026 22:27
8b3bb725-5bb4-4422-a3ca-72f723bf5124,spat.camera,available,58.99,58.99,high,low,4,namesilo,,,23/09/2026 13:13
4194728d-e34e-40f2-ab5e-a41347ea130c,biologically.camera,available,46.78,46.78,medium,low,12,spaceship,,,01/10/2026 14:07
f8f4af7f-0df5-4e34-a896-6ebaf81ff3e4,dollars.camera,available,61.98,72.98,high,low,7,namecheap,,,17/09/2026 07:00
9b53dbbe-e115-418f-8818-74b0af3ebfc2,friendship.camera,available,11.84,46.86,high,low,10,porkbun,,,29/09/2026 19:59
8262eeef-4956-4f5f-bfb6-0e20ce37f10c,arkansan.camera,available,58.99,58.99,medium,low,8,namesilo,,,20/09/2026 06:11
17ee953e-bca8-44ca-9b9f-47faebd2ecbf,emerged.camera,available,58.99,58.99,low,low,7,namesilo,,,29/09/2026 16:31
87de1b19-0b6f-4fd1-bfe0-149c3d72f949,bahai.camera,available,21.99,75.99,high,low,5,name.com,,,08/08/2026 08:27
effdfd2b-0213-4734-949c-d0b425af5ee5,fatten.camera,available,21.99,75.99,medium,low,6,name.com,,,17/08/2026 23:09
37dc5b66-d9dd-47ce-ac2f-d60d6aa83729,talus.camera,available,58.99,58.99,medium,low,5,namesilo,,,19/09/2026 09:46
09df6e48-02bb-4d8c-adf9-1189c1b77cda,panicked.camera,available,58.99,58.99,medium,low,8,namesilo,,,05/09/2026 00:57
9140042a-6cfe-4fd0-ba43-ff1ea342732e,unsalted.camera,available,58.99,58.99,medium,low,8,namesilo,,,12/09/2026 18:45
8fcd8862-5fe9-4618-9bdf-5b654c1c0a12,dissembler.camera,available,61.98,72.98,medium,low,10,namecheap,,,08/09/2026 19:10
a60821df-ad43-4eb1-9a14-c8fcada8c968,dim.camera,available,21.99,75.99,high,low,3,name.com,,,10/08/2026 13:58
97f55fa5-5d1e-4748-a96d-b2a1777647a7,pussycat.camera,available,58.99,58.99,high,low,8,namesilo,,,03/10/2026 01:25
4f9e503a-d96e-4679-8431-e658747919a5,litigation.camera,available,58.99,58.99,high,low,10,namesilo,,,30/09/2026 02:06
8a802708-dcd7-4299-b84a-b83e6ca76de8,samson.camera,available,58.99,58.99,high,low,6,namesilo,,,28/09/2026 01:08
5711cd26-f03a-4f68-b4d7-75b6a2cd4fd0,cxv.camera,available,21.99,75.99,high,low,3,name.com,,,